passage_id,author,source_group,text
P001,Hamilton,S16,"Reasons have been already given to induce a supposition that the State governments will too naturally be prone to a rivalship with that of the Union, the foundation of which will be the love of power; and that in any contest between the federal head and one of its members the people will be most apt to unite with their local government. If, in addition to this immense advantage, the ambition of the members should be stimulated by the separate and independent possession of military forces, it would afford too strong a temptation and too great a facility to them to make enterprises upon, and finally to subvert, the constitutional authority of the Union. On the other hand, the liberty of the people would be less safe in this state of things than in that which left the national forces in the hands of the national government. As far as an army may be considered as a dangerous weapon of power, it had better be in those hands of which the people are most likely to be jealous than in those of which they are least likely to be jealous."
P002,Madison,S12,"All objections and scruples are here also obviated, by requiring the concurrence of the States concerned, in every such establishment. To declare the punishment of treason, but no attainder of treason shall work corruption of blood, or forfeiture, except during the life of the person attained. As treason may be committed against the United States, the authority of the United States ought to be enabled to punish it. But as new-fangled and artificial treasons have been the great engines by which violent factions, the natural offspring of free government, have usually wreaked their alternate malignity on each other, the convention have, with great judgment, opposed a barrier to this peculiar danger, by inserting a constitutional definition of the crime, fixing the proof necessary for conviction of it, and restraining the Congress, even in punishing it, from extending the consequences of guilt beyond the person of its author. Another power is to admit new States into the Union; but no new State shall be formed or erected within the jurisdiction of any other State, nor any State be formed by the junction of two or more States, or parts of States, without the consent of the legislatures of the States concerned, as well as of the Congress."
P003,Hamilton,S09,"The power of regulating the militia, and of commanding its services in times of insurrection and invasion are natural incidents to the duties of superintending the common defense, and of watching over the internal peace of the Confederacy. It requires no skill in the science of war to discern that uniformity in the organization and discipline of the militia would be attended with the most beneficial effects, whenever they were called into service for the public defense. It would enable them to discharge the duties of the camp and of the field with mutual intelligence and concert an advantage of peculiar moment in the operations of an army; and it would fit them much sooner to acquire the degree of proficiency in military functions which would be essential to their usefulness. This desirable uniformity can only be accomplished by confiding the regulation of the militia to the direction of the national authority. It is, therefore, with the most evident propriety, that the plan of the convention proposes to empower the Union to provide for organizing, arming, and disciplining the militia."
P004,Hamilton,S20,"But two considerations will serve to quiet all apprehension on this head: one is, that we are sure the resources of the community, in their full extent, will be brought into activity for the benefit of the Union; the other is, that whatever deficiencies there may be, can without difficulty be supplied by loans. The power of creating new funds upon new objects of taxation, by its own authority, would enable the national government to borrow as far as its necessities might require. Foreigners, as well as the citizens of America, could then reasonably repose confidence in its engagements; but to depend upon a government that must itself depend upon thirteen other governments for the means of fulfilling its contracts, when once its situation is clearly understood, would require a degree of credulity not often to be met with in the pecuniary transactions of mankind, and little reconcilable with the usual sharp-sightedness of avarice."
P005,Madison,S13,"A list of the cases in which Congress have been betrayed, or forced by the defects of the Confederation, into violations of their chartered authorities, would not a little surprise those who have paid no attention to the subject; and would be no inconsiderable argument in favor of the new Constitution, which seems to have provided no less studiously for the lesser, than the more obvious and striking defects of the old. The power to define and punish piracies and felonies committed on the high seas, and offenses against the law of nations, belongs with equal propriety to the general government, and is a still greater improvement on the articles of Confederation. These articles contain no provision for the case of offenses against the law of nations; and consequently leave it in the power of any indiscreet member to embroil the Confederacy with foreign nations. The provision of the federal articles on the subject of piracies and felonies extends no further than to the establishment of courts for the trial of these offenses."
P006,Madison,S19,"The powers falling within the first class are those of declaring war and granting letters of marque; of providing armies and fleets; of regulating and calling forth the militia; of levying and borrowing money. Security against foreign danger is one of the primitive objects of civil society. It is an avowed and essential object of the American Union. The powers requisite for attaining it must be effectually confided to the federal councils. Is the power of declaring war necessary? No man will answer this question in the negative. It would be superfluous, therefore, to enter into a proof of the affirmative. The existing Confederation establishes this power in the most ample form. Is the power of raising armies and equipping fleets necessary? This is involved in the foregoing power. It is involved in the power of self-defense. But was it necessary to give an indefinite power of raising troops, as well as providing fleets; and of maintaining both in peace, as well as in war?"
P007,Madison,S07,"The members of the legislative, executive, and judiciary departments of thirteen and more States, the justices of peace, officers of militia, ministerial officers of justice, with all the county, corporation, and town officers, for three millions and more of people, intermixed, and having particular acquaintance with every class and circle of people, must exceed, beyond all proportion, both in number and influence, those of every description who will be employed in the administration of the federal system. Compare the members of the three great departments of the thirteen States, excluding from the judiciary department the justices of peace, with the members of the corresponding departments of the single government of the Union; compare the militia officers of three millions of people with the military and marine officers of any establishment which is within the compass of probability, or, I may add, of possibility, and in this view alone, we may pronounce the advantage of the States to be decisive. If the federal government is to have collectors of revenue, the State governments will have theirs also."
P008,Hamilton,S11,"The circumstances that endanger the safety of nations are infinite, and for this reason no constitutional shackles can wisely be imposed on the power to which the care of it is committed. This power ought to be coextensive with all the possible combinations of such circumstances; and ought to be under the direction of the same councils which are appointed to preside over the common defense. This is one of those truths which, to a correct and unprejudiced mind, carries its own evidence along with it; and may be obscured, but cannot be made plainer by argument or reasoning. It rests upon axioms as simple as they are universal; the means ought to be proportioned to the end; the persons, from whose agency the attainment of any end is expected, ought to possess the means by which it is to be attained. Whether there ought to be a federal government intrusted with the care of the common defense, is a question in the first instance, open for discussion; but the moment it is decided in the affirmative, it will follow, that that government ought to be clothed with all the powers requisite to complete execution of its trust."
P009,Hamilton,S17,"It has been urged, in different shapes, that a Constitution of the kind proposed by the convention cannot operate without the aid of a military force to execute its laws. This, however, like most other things that have been alleged on that side, rests on mere general assertion, unsupported by any precise or intelligible designation of the reasons upon which it is founded. As far as I have been able to divine the latent meaning of the objectors, it seems to originate in a presupposition that the people will be disinclined to the exercise of federal authority in any matter of an internal nature. Waiving any exception that might be taken to the inaccuracy or inexplicitness of the distinction between internal and external, let us inquire what ground there is to presuppose that disinclination in the people. Unless we presume at the same time that the powers of the general government will be worse administered than those of the State government, there seems to be no room for the presumption of ill-will, disaffection, or opposition in the people."
P010,Madison,S01,"The last paper having concluded the observations which were meant to introduce a candid survey of the plan of government reported by the convention, we now proceed to the execution of that part of our undertaking. The first question that offers itself is, whether the general form and aspect of the government be strictly republican. It is evident that no other form would be reconcilable with the genius of the people of America; with the fundamental principles of the Revolution; or with that honorable determination which animates every votary of freedom, to rest all our political experiments on the capacity of mankind for self-government. If the plan of the convention, therefore, be found to depart from the republican character, its advocates must abandon it as no longer defensible. What, then, are the distinctive characters of the republican form? Were an answer to this question to be sought, not by recurring to principles, but in the application of the term by political writers, to the constitution of different States, no satisfactory one would ever be found."
P011,Madison,S04,"To these would be opposed a militia amounting to near half a million of citizens with arms in their hands, officered by men chosen from among themselves, fighting for their common liberties, and united and conducted by governments possessing their affections and confidence. It may well be doubted, whether a militia thus circumstanced could ever be conquered by such a proportion of regular troops. Those who are best acquainted with the last successful resistance of this country against the British arms, will be most inclined to deny the possibility of it. Besides the advantage of being armed, which the Americans possess over the people of almost every other nation, the existence of subordinate governments, to which the people are attached, and by which the militia officers are appointed, forms a barrier against the enterprises of ambition, more insurmountable than any which a simple government of any form can admit of. Notwithstanding the military establishments in the several kingdoms of Europe, which are carried as far as the public resources will bear, the governments are afraid to trust the people with arms."
P012,Madison,S13,"The second class of powers, lodged in the general government, consists of those which regulate the intercourse with foreign nations, to wit: to make treaties; to send and receive ambassadors, other public ministers, and consuls; to define and punish piracies and felonies committed on the high seas, and offenses against the law of nations; to regulate foreign commerce, including a power to prohibit, after the year 1808, the importation of slaves, and to lay an intermediate duty of ten dollars per head, as a discouragement to such importations. This class of powers forms an obvious and essential branch of the federal administration. If we are to be one nation in any respect, it clearly ought to be in respect to other nations. The powers to make treaties and to send and receive ambassadors, speak their own propriety. Both of them are comprised in the articles of Confederation, with this difference only, that the former is disembarrassed, by the plan of the convention, of an exception, under which treaties might be substantially frustrated by regulations of the States; and that a power of appointing and receiving other public ministers and consuls is expressly and very properly added to the former provision concerning ambassadors."
P013,Madison,S19,"A dangerous establishment can never be necessary or plausible, so long as they continue a united people. But let it never, for a moment, be forgotten that they are indebted for this advantage to the Union alone. The moment of its dissolution will be the date of a new order of things. The fears of the weaker, or the ambition of the stronger States, or Confederacies, will set the same example in the New, as Charles VII did in the Old World. The example will be followed here from the same motives which produced universal imitation there. Instead of deriving from our situation the precious advantage which Great Britain has derived from hers, the face of America will be but a copy of that of the continent of Europe. It will present liberty everywhere crushed between standing armies and perpetual taxes. The fortunes of disunited America will be even more disastrous than those of Europe. The sources of evil in the latter are confined to her own limits."
P014,Madison,S13,"The power is there restrained to Indians, not members of any of the States, and is not to violate or infringe the legislative right of any State within its own limits. What description of Indians are to be deemed members of a State, is not yet settled, and has been a question of frequent perplexity and contention in the federal councils. And how the trade with Indians, though not members of a State, yet residing within its legislative jurisdiction, can be regulated by an external authority, without so far intruding on the internal rights of legislation, is absolutely incomprehensible. This is not the only case in which the articles of Confederation have inconsiderately endeavored to accomplish impossibilities; to reconcile a partial sovereignty in the Union, with complete sovereignty in the States; to subvert a mathematical axiom, by taking away a part, and letting the whole remain. All that need be remarked on the power to coin money, regulate the value thereof, and of foreign coin, is, that by providing for this last case, the Constitution has supplied a material omission in the articles of Confederation."
P015,Madison,S14,"It is not a little remarkable that in every case reported by ancient history, in which government has been established with deliberation and consent, the task of framing it has not been committed to an assembly of men, but has been performed by some individual citizen of preeminent wisdom and approved integrity. Minos, we learn, was the primitive founder of the government of Crete, as Zaleucus was of that of the Locrians. Theseus first, and after him Draco and Solon, instituted the government of Athens. Lycurgus was the lawgiver of Sparta. The foundation of the original government of Rome was laid by Romulus, and the work completed by two of his elective successors, Numa and Tullius Hostilius. On the abolition of royalty the consular administration was substituted by Brutus, who stepped forward with a project for such a reform, which, he alleged, had been prepared by Tullius Hostilius, and to which his address obtained the assent and ratification of the senate and people. This remark is applicable to confederate governments also."
P017,Hamilton,S17,"It merits particular attention in this place, that the laws of the Confederacy, as to the enumerated and legitimate objects of its jurisdiction, will become the supreme law of the land; to the observance of which all officers, legislative, executive, and judicial, in each State, will be bound by the sanctity of an oath. Thus the legislatures, courts, and magistrates, of the respective members, will be incorporated into the operations of the national government as far as its just and constitutional authority extends; and will be rendered auxiliary to the enforcement of its laws. Any man who will pursue, by his own reflections, the consequences of this situation, will perceive that there is good ground to calculate upon a regular and peaceable execution of the laws of the Union, if its powers are administered with a common share of prudence. If we will arbitrarily suppose the contrary, we may deduce any inferences we please from the supposition; for it is certainly possible, by an injudicious exercise of the authorities of the best government that ever was, or ever can be instituted, to provoke and precipitate the people into the wildest excesses."
P020,Madison,S08,"It is needless, therefore, to remark further on this head, than that the manner in which the restraint is qualified seems well calculated at once to secure to the States a reasonable discretion in providing for the conveniency of their imports and exports, and to the United States a reasonable check against the abuse of this discretion. The remaining particulars of this clause fall within reasonings which are either so obvious, or have been so fully developed, that they may be passed over without remark. The sixth and last class consists of the several powers and provisions by which efficacy is given to all the rest. Of these the first is, the power to make all laws which shall be necessary and proper for carrying into execution the foregoing powers, and all other powers vested by this Constitution in the government of the United States, or in any department or officer thereof. Few parts of the Constitution have been assailed with more intemperance than this; yet on a fair investigation of it, no part can appear more completely invulnerable."
P021,Madison,S04,"It was, nevertheless, invariably found, after the transient enthusiasm for the early Congresses was over, that the attention and attachment of the people were turned anew to their own particular governments; that the federal council was at no time the idol of popular favor; and that opposition to proposed enlargements of its powers and importance was the side usually taken by the men who wished to build their political consequence on the prepossessions of their fellow-citizens. If, therefore, as has been elsewhere remarked, the people should in future become more partial to the federal than to the State governments, the change can only result from such manifest and irresistible proofs of a better administration, as will overcome all their antecedent propensities. And in that case, the people ought not surely to be precluded from giving most of their confidence where they may discover it to be most due; but even in that case the State governments could have little to apprehend, because it is only within a certain sphere that the federal power can, in the nature of things, be advantageously administered."
P022,Hamilton,S17,"Various reasons have been suggested, in the course of these papers, to induce a probability that the general government will be better administered than the particular governments; the principal of which reasons are that the extension of the spheres of election will present a greater option, or latitude of choice, to the people; that through the medium of the State legislatures which are select bodies of men, and which are to appoint the members of the national Senate there is reason to expect that this branch will generally be composed with peculiar care and judgment; that these circumstances promise greater knowledge and more extensive information in the national councils, and that they will be less apt to be tainted by the spirit of faction, and more out of the reach of those occasional ill-humors, or temporary prejudices and propensities, which, in smaller societies, frequently contaminate the public councils, beget injustice and oppression of a part of the community, and engender schemes which, though they gratify a momentary inclination or desire, terminate in general distress, dissatisfaction, and disgust."
P023,Madison,S08,"In the next place, as the constitutions of some of the States do not even expressly and fully recognize the existing powers of the Confederacy, an express saving of the supremacy of the former would, in such States, have brought into question every power contained in the proposed Constitution. In the third place, as the constitutions of the States differ much from each other, it might happen that a treaty or national law, of great and equal importance to the States, would interfere with some and not with other constitutions, and would consequently be valid in some of the States, at the same time that it would have no effect in others. In fine, the world would have seen, for the first time, a system of government founded on an inversion of the fundamental principles of all government; it would have seen the authority of the whole society every where subordinate to the authority of the parts; it would have seen a monster, in which the head was under the direction of the members."
P024,Hamilton,S11,"Every view we may take of the subject, as candid inquirers after truth, will serve to convince us, that it is both unwise and dangerous to deny the federal government an unconfined authority, as to all those objects which are intrusted to its management. It will indeed deserve the most vigilant and careful attention of the people, to see that it be modeled in such a manner as to admit of its being safely vested with the requisite powers. If any plan which has been, or may be, offered to our consideration, should not, upon a dispassionate inspection, be found to answer this description, it ought to be rejected. A government, the constitution of which renders it unfit to be trusted with all the powers which a free people ought to delegate to any government, would be an unsafe and improper depositary of the national interests. Wherever these can with propriety be confided, the coincident powers may safely accompany them. This is the true result of all just reasoning upon the subject."
P025,Hamilton,S20,"How is it possible that a government half supplied and always necessitous, can fulfill the purposes of its institution, can provide for the security, advance the prosperity, or support the reputation of the commonwealth? How can it ever possess either energy or stability, dignity or credit, confidence at home or respectability abroad? How can its administration be any thing else than a succession of expedients temporizing, impotent, disgraceful? How will it be able to avoid a frequent sacrifice of its engagements to immediate necessity? How can it undertake or execute any liberal or enlarged plans of public good? Let us attend to what would be the effects of this situation in the very first war in which we should happen to be engaged. We will presume, for argument's sake, that the revenue arising from the impost duties answers the purposes of a provision for the public debt and of a peace establishment for the Union. Thus circumstanced, a war breaks out. What would be the probable conduct of the government in such an emergency?"
P026,Hamilton,S11,"Defective as the present Confederation has been proved to be, this principle appears to have been fully recognized by the framers of it; though they have not made proper or adequate provision for its exercise. Congress have an unlimited discretion to make requisitions of men and money; to govern the army and navy; to direct their operations. As their requisitions are made constitutionally binding upon the States, who are in fact under the most solemn obligations to furnish the supplies required of them, the intention evidently was that the United States should command whatever resources were by them judged requisite to the common defense and general welfare. It was presumed that a sense of their true interests, and a regard to the dictates of good faith, would be found sufficient pledges for the punctual performance of the duty of the members to the federal head. The experiment has, however, demonstrated that this expectation was ill-founded and illusory; and the observations, made under the last head, will, I imagine, have sufficed to convince the impartial and discerning, that there is an absolute necessity for an entire change in the first principles of the system."
P027,Hamilton,S18,"The principle of regulating the contributions of the States to the common treasury by quotas is another fundamental error in the Confederation. Its repugnancy to an adequate supply of the national exigencies has been already pointed out, and has sufficiently appeared from the trial which has been made of it. I speak of it now solely with a view to equality among the States. Those who have been accustomed to contemplate the circumstances which produce and constitute national wealth, must be satisfied that there is no common standard or barometer by which the degrees of it can be ascertained. Neither the value of lands, nor the numbers of the people, which have been successively proposed as the rule of State contributions, has any pretension to being a just representative. If we compare the wealth of the United Netherlands with that of Russia or Germany, or even of France, and if we at the same time compare the total value of the lands and the aggregate population of that contracted district with the total value of the lands and the aggregate population of the immense regions of either of the three last-mentioned countries, we shall at once discover that there is no comparison between the proportion of either of these two objects and that of the relative wealth of those nations."
P028,Madison,S13,"I shall confine myself to a cursory review of the remaining powers comprehended under this third description, to wit: to regulate commerce among the several States and the Indian tribes; to coin money, regulate the value thereof, and of foreign coin; to provide for the punishment of counterfeiting the current coin and securities of the United States; to fix the standard of weights and measures; to establish a uniform rule of naturalization, and uniform laws of bankruptcy, to prescribe the manner in which the public acts, records, and judicial proceedings of each State shall be proved, and the effect they shall have in other States; and to establish post offices and post roads. The defect of power in the existing Confederacy to regulate the commerce between its several members, is in the number of those which have been clearly pointed out by experience. To the proofs and remarks which former papers have brought into view on this subject, it may be added that without this supplemental provision, the great and essential power of regulating foreign commerce would have been incomplete and ineffectual."
P029,Madison,S14,"As it can give no umbrage to the writers against the plan of the federal Constitution, let us suppose, that as they are the most zealous, so they are also the most sagacious, of those who think the late convention were unequal to the task assigned them, and that a wiser and better plan might and ought to be substituted. Let us further suppose that their country should concur, both in this favorable opinion of their merits, and in their unfavorable opinion of the convention; and should accordingly proceed to form them into a second convention, with full powers, and for the express purpose of revising and remoulding the work of the first. Were the experiment to be seriously made, though it required some effort to view it seriously even in fiction, I leave it to be decided by the sample of opinions just exhibited, whether, with all their enmity to their predecessors, they would, in any one point, depart so widely from their example, as in the discord and ferment that would mark their own deliberations; and whether the Constitution, now before the public, would not stand as fair a chance for immortality, as Lycurgus gave to that of Sparta."
P030,Hamilton,S09,"If standing armies are dangerous to liberty, an efficacious power over the militia, in the body to whose care the protection of the State is committed, ought, as far as possible, to take away the inducement and the pretext to such unfriendly institutions. If the federal government can command the aid of the militia in those emergencies which call for the military arm in support of the civil magistrate, it can the better dispense with the employment of a different kind of force. If it cannot avail itself of the former, it will be obliged to recur to the latter. To render an army unnecessary, will be a more certain method of preventing its existence than a thousand prohibitions upon paper. In order to cast an odium upon the power of calling forth the militia to execute the laws of the Union, it has been remarked that there is nowhere any provision in the proposed Constitution for calling out the posse comitatus, to assist the magistrate in the execution of his duty, whence it has been inferred, that military force was intended to be his only auxiliary."
P031,Hamilton,S16,"All violent policy, as it is contrary to the natural and experienced course of human affairs, defeats itself. Pennsylvania, at this instant, affords an example of the truth of this remark. The Bill of Rights of that State declares that standing armies are dangerous to liberty, and ought not to be kept up in time of peace. Pennsylvania, nevertheless, in a time of profound peace, from the existence of partial disorders in one or two of her counties, has resolved to raise a body of troops; and in all probability will keep them up as long as there is any appearance of danger to the public peace. The conduct of Massachusetts affords a lesson on the same subject, though on different ground. That State, without waiting for the sanction of Congress, as the articles of the Confederation require, was compelled to raise troops to quell a domestic insurrection, and still keeps a corps in pay to prevent a revival of the spirit of revolt."
P033,Hamilton,S02,"If such suppositions could even be reasonably made, still the concealment of the design, for any duration, would be impracticable. It would be announced, by the very circumstance of augmenting the army to so great an extent in time of profound peace. What colorable reason could be assigned, in a country so situated, for such vast augmentations of the military force? It is impossible that the people could be long deceived; and the destruction of the project, and of the projectors, would quickly follow the discovery. It has been said that the provision which limits the appropriation of money for the support of an army to the period of two years would be unavailing, because the Executive, when once possessed of a force large enough to awe the people into submission, would find resources in that very force sufficient to enable him to dispense with supplies from the acts of the legislature. But the question again recurs, upon what pretense could he be put in possession of a force of that magnitude in time of peace?"
P034,Madison,S07,"The more I revolve the subject, the more fully I am persuaded that the balance is much more likely to be disturbed by the preponderancy of the last than of the first scale. We have seen, in all the examples of ancient and modern confederacies, the strongest tendency continually betraying itself in the members, to despoil the general government of its authorities, with a very ineffectual capacity in the latter to defend itself against the encroachments. Although, in most of these examples, the system has been so dissimilar from that under consideration as greatly to weaken any inference concerning the latter from the fate of the former, yet, as the States will retain, under the proposed Constitution, a very extensive portion of active sovereignty, the inference ought not to be wholly disregarded. In the Achaean league it is probable that the federal head had a degree and species of power, which gave it a considerable likeness to the government framed by the convention. The Lycian Confederacy, as far as its principles and form are transmitted, must have borne a still greater analogy to it."
P035,Madison,S04,"Resuming the subject of the last paper, I proceed to inquire whether the federal government or the State governments will have the advantage with regard to the predilection and support of the people. Notwithstanding the different modes in which they are appointed, we must consider both of them as substantially dependent on the great body of the citizens of the United States. I assume this position here as it respects the first, reserving the proofs for another place. The federal and State governments are in fact but different agents and trustees of the people, constituted with different powers, and designed for different purposes. The adversaries of the Constitution seem to have lost sight of the people altogether in their reasonings on this subject; and to have viewed these different establishments, not only as mutual rivals and enemies, but as uncontrolled by any common superior in their efforts to usurp the authorities of each other. These gentlemen must here be reminded of their error."
P036,Hamilton,S03,"The obstacles to usurpation and the facilities of resistance increase with the increased extent of the state, provided the citizens understand their rights and are disposed to defend them. The natural strength of the people in a large community, in proportion to the artificial strength of the government, is greater than in a small, and of course more competent to a struggle with the attempts of the government to establish a tyranny. But in a confederacy the people, without exaggeration, may be said to be entirely the masters of their own fate. Power being almost always the rival of power, the general government will at all times stand ready to check the usurpations of the state governments, and these will have the same disposition towards the general government. The people, by throwing themselves into either scale, will infallibly make it preponderate. If their rights are invaded by either, they can make use of the other as the instrument of redress. How wise will it be in them by cherishing the union to preserve to themselves an advantage which can never be too highly prized!"
P037,Madison,S01,"But if the government be national with regard to the operation of its powers, it changes its aspect again when we contemplate it in relation to the extent of its powers. The idea of a national government involves in it, not only an authority over the individual citizens, but an indefinite supremacy over all persons and things, so far as they are objects of lawful government. Among a people consolidated into one nation, this supremacy is completely vested in the national legislature. Among communities united for particular purposes, it is vested partly in the general and partly in the municipal legislatures. In the former case, all local authorities are subordinate to the supreme; and may be controlled, directed, or abolished by it at pleasure. In the latter, the local or municipal authorities form distinct and independent portions of the supremacy, no more subject, within their respective spheres, to the general authority, than the general authority is subject to them, within its own sphere."
P038,Hamilton,S11,"Shall the Union be constituted the guardian of the common safety? Are fleets and armies and revenues necessary to this purpose? The government of the Union must be empowered to pass all laws, and to make all regulations which have relation to them. The same must be the case in respect to commerce, and to every other matter to which its jurisdiction is permitted to extend. Is the administration of justice between the citizens of the same State the proper department of the local governments? These must possess all the authorities which are connected with this object, and with every other that may be allotted to their particular cognizance and direction. Not to confer in each case a degree of power commensurate to the end, would be to violate the most obvious rules of prudence and propriety, and improvidently to trust the great interests of the nation to hands which are disabled from managing them with vigor and success."
P039,Hamilton,S03,"That there may happen cases in which the national government may be necessitated to resort to force, cannot be denied. Our own experience has corroborated the lessons taught by the examples of other nations; that emergencies of this sort will sometimes arise in all societies, however constituted; that seditions and insurrections are, unhappily, maladies as inseparable from the body politic as tumors and eruptions from the natural body; that the idea of governing at all times by the simple force of law, which we have been told is the only admissible principle of republican government, has no place but in the reveries of those political doctors whose sagacity disdains the admonitions of experimental instruction. Should such emergencies at any time happen under the national government, there could be no remedy but force. The means to be employed must be proportioned to the extent of the mischief. If it should be a slight commotion in a small part of a State, the militia of the residue would be adequate to its suppression; and the natural presumption is that they would be ready to do their duty."
P041,Madison,S14,"A patient who finds his disorder daily growing worse, and that an efficacious remedy can no longer be delayed without extreme danger, after coolly revolving his situation, and the characters of different physicians, selects and calls in such of them as he judges most capable of administering relief, and best entitled to his confidence. The physicians attend; the case of the patient is carefully examined; a consultation is held; they are unanimously agreed that the symptoms are critical, but that the case, with proper and timely relief, is so far from being desperate, that it may be made to issue in an improvement of his constitution. They are equally unanimous in prescribing the remedy, by which this happy effect is to be produced. The prescription is no sooner made known, however, than a number of persons interpose, and, without denying the reality or danger of the disorder, assure the patient that the prescription will be poison to his constitution, and forbid him, under pain of certain death, to make use of it."
P042,Hamilton,S18,"Impositions of this kind usually fall under the denomination of indirect taxes, and must for a long time constitute the chief part of the revenue raised in this country. Those of the direct kind, which principally relate to land and buildings, may admit of a rule of apportionment. Either the value of land, or the number of the people, may serve as a standard. The state of agriculture and the populousness of a country have been considered as nearly connected with each other. And, as a rule, for the purpose intended, numbers, in the view of simplicity and certainty, are entitled to a preference. In every country it is a herculean task to obtain a valuation of the land; in a country imperfectly settled and progressive in improvement, the difficulties are increased almost to impracticability. The expense of an accurate valuation is, in all situations, a formidable objection. In a branch of taxation where no limits to the discretion of the government are to be found in the nature of things, the establishment of a fixed rule, not incompatible with the end, may be attended with fewer inconveniences than to leave that discretion altogether at large."
P043,Hamilton,S17,"One thing, at all events, must be evident, that a government like the one proposed would bid much fairer to avoid the necessity of using force, than that species of league contended for by most of its opponents; the authority of which should only operate upon the States in their political or collective capacities. It has been shown that in such a Confederacy there can be no sanction for the laws but force; that frequent delinquencies in the members are the natural offspring of the very frame of the government; and that as often as these happen, they can only be redressed, if at all, by war and violence. The plan reported by the convention, by extending the authority of the federal head to the individual citizens of the several States, will enable the government to employ the ordinary magistracy of each, in the execution of its laws. It is easy to perceive that this will tend to destroy, in the common apprehension, all distinction between the sources from which they might proceed; and will give the federal government the same advantage for securing a due obedience to its authority which is enjoyed by the government of each State."
P044,Madison,S12,"The express authority of the people alone could give due validity to the Constitution. To have required the unanimous ratification of the thirteen States, would have subjected the essential interests of the whole to the caprice or corruption of a single member. It would have marked a want of foresight in the convention, which our own experience would have rendered inexcusable. Two questions of a very delicate nature present themselves on this occasion: On what principle the Confederation, which stands in the solemn form of a compact among the States, can be superseded without the unanimous consent of the parties to it? What relation is to subsist between the nine or more States ratifying the Constitution, and the remaining few who do not become parties to it? The first question is answered at once by recurring to the absolute necessity of the case; to the great principle of self-preservation; to the transcendent law of nature and of nature's God, which declares that the safety and happiness of society are the objects at which all political institutions aim, and to which all such institutions must be sacrificed."
P048,Hamilton,S18,"There is no method of steering clear of this inconvenience, but by authorizing the national government to raise its own revenues in its own way. Imposts, excises, and, in general, all duties upon articles of consumption, may be compared to a fluid, which will, in time, find its level with the means of paying them. The amount to be contributed by each citizen will in a degree be at his own option, and can be regulated by an attention to his resources. The rich may be extravagant, the poor can be frugal; and private oppression may always be avoided by a judicious selection of objects proper for such impositions. If inequalities should arise in some States from duties on particular objects, these will, in all probability, be counterbalanced by proportional inequalities in other States, from the duties on other objects. In the course of time and things, an equilibrium, as far as it is attainable in so complicated a subject, will be established everywhere."
P049,Hamilton,S02,"It was a thing hardly to be expected that in a popular revolution the minds of men should stop at that happy mean which marks the salutary boundary between power and privilege, and combines the energy of government with the security of private rights. A failure in this delicate and important point is the great source of the inconveniences we experience, and if we are not cautious to avoid a repetition of the error, in our future attempts to rectify and ameliorate our system, we may travel from one chimerical project to another; we may try change after change; but we shall never be likely to make any material change for the better. The idea of restraining the legislative authority, in the means of providing for the national defense, is one of those refinements which owe their origin to a zeal for liberty more ardent than enlightened. We have seen, however, that it has not had thus far an extensive prevalency; that even in this country, where it made its first appearance, Pennsylvania and North Carolina are the only two States by which it has been in any degree patronized."
P050,Madison,S19,"The Constitution proposed by the convention may be considered under two general points of view. The first relates to the sum or quantity of power which it vests in the government, including the restraints imposed on the States. The second, to the particular structure of the government, and the distribution of this power among its several branches. Under the first view of the subject, two important questions arise: Whether any part of the powers transferred to the general government be unnecessary or improper? Whether the entire mass of them be dangerous to the portion of jurisdiction left in the several States? Is the aggregate power of the general government greater than ought to have been vested in it? It cannot have escaped those who have attended with candor to the arguments employed against the extensive powers of the government, that the authors of them have very little considered how far these powers were necessary means of attaining a necessary end."
P052,Hamilton,S20,"The present Confederation, feeble as it is intended to repose in the United States, an unlimited power of providing for the pecuniary wants of the Union. But proceeding upon an erroneous principle, it has been done in such a manner as entirely to have frustrated the intention. Congress, by the articles which compose that compact, are authorized to ascertain and call for any sums of money necessary, in their judgment, to the service of the United States; and their requisitions, if conformable to the rule of apportionment, are in every constitutional sense obligatory upon the States. These have no right to question the propriety of the demand; no discretion beyond that of devising the ways and means of furnishing the sums demanded. But though this be strictly and truly the case; though the assumption of such a right would be an infringement of the articles of Union; though it may seldom or never have been avowedly claimed, yet in practice it has been constantly exercised, and would continue to be so, as long as the revenues of the Confederacy should remain dependent on the intermediate agency of its members."
P053,Hamilton,S20,"It has been already observed that the federal government ought to possess the power of providing for the support of the national forces; in which proposition was intended to be included the expense of raising troops, of building and equipping fleets, and all other expenses in any wise connected with military arrangements and operations. But these are not the only objects to which the jurisdiction of the Union, in respect to revenue, must necessarily be empowered to extend. It must embrace a provision for the support of the national civil list; for the payment of the national debts contracted, or that may be contracted; and, in general, for all those matters which will call for disbursements out of the national treasury. The conclusion is, that there must be interwoven, in the frame of the government, a general power of taxation, in one shape or another. Money is, with propriety, considered as the vital principle of the body politic; as that which sustains its life and motion, and enables it to perform its most essential functions."
P055,Hamilton,S16,"It may perhaps be urged that the objects enumerated in the preceding number ought to be provided for by the State governments, under the direction of the Union. But this would be, in reality, an inversion of the primary principle of our political association, as it would in practice transfer the care of the common defense from the federal head to the individual members: a project oppressive to some States, dangerous to all, and baneful to the Confederacy. The territories of Britain, Spain, and of the Indian nations in our neighborhood do not border on particular States, but encircle the Union from Maine to Georgia. The danger, though in different degrees, is therefore common. And the means of guarding against it ought, in like manner, to be the objects of common councils and of a common treasury. It happens that some States, from local situation, are more directly exposed. New York is of this class. Upon the plan of separate provisions, New York would have to sustain the whole weight of the establishments requisite to her immediate safety, and to the mediate or ultimate protection of her neighbors."
P058,Hamilton,S03,"If, on the contrary, the insurrection should pervade a whole State, or a principal part of it, the employment of a different kind of force might become unavoidable. It appears that Massachusetts found it necessary to raise troops for repressing the disorders within that State; that Pennsylvania, from the mere apprehension of commotions among a part of her citizens, has thought proper to have recourse to the same measure. Suppose the State of New York had been inclined to re-establish her lost jurisdiction over the inhabitants of Vermont, could she have hoped for success in such an enterprise from the efforts of the militia alone? Would she not have been compelled to raise and to maintain a more regular force for the execution of her design? If it must then be admitted that the necessity of recurring to a force different from the militia, in cases of this extraordinary nature, is applicable to the State governments themselves, why should the possibility, that the national government might be under a like necessity, in similar extremities, be made an objection to its existence?"
P059,Hamilton,S18,"Having in the three last numbers taken a summary review of the principal circumstances and events which have depicted the genius and fate of other confederate governments, I shall now proceed in the enumeration of the most important of those defects which have hitherto disappointed our hopes from the system established among ourselves. To form a safe and satisfactory judgment of the proper remedy, it is absolutely necessary that we should be well acquainted with the extent and malignity of the disease. The next most palpable defect of the subsisting Confederation, is the total want of a sanction to its laws. The United States, as now composed, have no powers to exact obedience, or punish disobedience to their resolutions, either by pecuniary mulcts, by a suspension or divestiture of privileges, or by any other constitutional mode. There is no express delegation of authority to them to use force against delinquent members; and if such a right should be ascribed to the federal head, as resulting from the nature of the social compact between the States, it must be by inference and construction."
P060,Madison,S04,"And if they do not sufficiently enlarge their policy to embrace the collective welfare of their particular State, how can it be imagined that they will make the aggregate prosperity of the Union, and the dignity and respectability of its government, the objects of their affections and consultations? For the same reason that the members of the State legislatures will be unlikely to attach themselves sufficiently to national objects, the members of the federal legislature will be likely to attach themselves too much to local objects. The States will be to the latter what counties and towns are to the former. Measures will too often be decided according to their probable effect, not on the national prosperity and happiness, but on the prejudices, interests, and pursuits of the governments and people of the individual States. What is the spirit that has in general characterized the proceedings of Congress? A perusal of their journals, as well as the candid acknowledgments of such as have had a seat in that assembly, will inform us, that the members have but too frequently displayed the character, rather of partisans of their respective States, than of impartial guardians of a common interest."
P061,Madison,S12,"But who can say what experiments may be produced by the caprice of particular States, by the ambition of enterprising leaders, or by the intrigues and influence of foreign powers? To the second question it may be answered, that if the general government should interpose by virtue of this constitutional authority, it will be, of course, bound to pursue the authority. But the authority extends no further than to a guaranty of a republican form of government, which supposes a pre-existing government of the form which is to be guaranteed. As long, therefore, as the existing republican forms are continued by the States, they are guaranteed by the federal Constitution. Whenever the States may choose to substitute other republican forms, they have a right to do so, and to claim the federal guaranty for the latter. The only restriction imposed on them is, that they shall not exchange republican for antirepublican Constitutions; a restriction which, it is presumed, will hardly be considered as a grievance. A protection against invasion is due from every society to the parts composing it."
P062,Madison,S19,"The palpable necessity of the power to provide and maintain a navy has protected that part of the Constitution against a spirit of censure, which has spared few other parts. It must, indeed, be numbered among the greatest blessings of America, that as her Union will be the only source of her maritime strength, so this will be a principal source of her security against danger from abroad. In this respect our situation bears another likeness to the insular advantage of Great Britain. The batteries most capable of repelling foreign enterprises on our safety, are happily such as can never be turned by a perfidious government against our liberties. The inhabitants of the Atlantic frontier are all of them deeply interested in this provision for naval protection, and if they have hitherto been suffered to sleep quietly in their beds; if their property has remained safe against the predatory spirit of licentious adventurers; if their maritime towns have not yet been compelled to ransom themselves from the terrors of a conflagration, by yielding to the exactions of daring and sudden invaders, these instances of good fortune are not to be ascribed to the capacity of the existing government for the protection of those from whom it claims allegiance."
P063,Hamilton,S16,"There are other lights besides those already taken notice of, in which the impropriety of restraints on the discretion of the national legislature will be equally manifest. The design of the objection, which has been mentioned, is to preclude standing armies in time of peace, though we have never been informed how far it is designed the prohibition should extend; whether to raising armies as well as to keeping them up in a season of tranquillity or not. If it be confined to the latter it will have no precise signification, and it will be ineffectual for the purpose intended. When armies are once raised what shall be denominated keeping them up, contrary to the sense of the Constitution? What time shall be requisite to ascertain the violation? Shall it be a week, a month, a year? Or shall we say they may be continued as long as the danger which occasioned their being raised continues?"
P064,Hamilton,S02,"The legislature of the United States will be obliged, by this provision, once at least in every two years, to deliberate upon the propriety of keeping a military force on foot; to come to a new resolution on the point; and to declare their sense of the matter, by a formal vote in the face of their constituents. They are not at liberty to vest in the executive department permanent funds for the support of an army, if they were even incautious enough to be willing to repose in it so improper a confidence. As the spirit of party, in different degrees, must be expected to infect all political bodies, there will be, no doubt, persons in the national legislature willing enough to arraign the measures and criminate the views of the majority. The provision for the support of a military force will always be a favorable topic for declamation. As often as the question comes forward, the public attention will be roused and attracted to the subject, by the party in opposition; and if the majority should be really disposed to exceed the proper limits, the community will be warned of the danger."
P066,Hamilton,S09,"This will not only lessen the call for military establishments, but if circumstances should at any time oblige the government to form an army of any magnitude that army can never be formidable to the liberties of the people while there is a large body of citizens, little, if at all, inferior to them in discipline and the use of arms, who stand ready to defend their own rights and those of their fellow-citizens. This appears to me the only substitute that can be devised for a standing army, and the best possible security against it, if it should exist. Thus differently from the adversaries of the proposed Constitution should I reason on the same subject, deducing arguments of safety from the very sources which they represent as fraught with danger and perdition. But how the national legislature may reason on the point, is a thing which neither they nor I can foresee. There is something so far-fetched and so extravagant in the idea of danger to liberty from the militia, that one is at a loss whether to treat it with gravity or with raillery."
P068,Madison,S01,"That it will be a federal and not a national act, as these terms are understood by the objectors; the act of the people, as forming so many independent States, not as forming one aggregate nation, is obvious from this single consideration, that it is to result neither from the decision of a majority of the people of the Union, nor from that of a majority of the States. It must result from the unanimous assent of the several States that are parties to it, differing no otherwise from their ordinary assent than in its being expressed, not by the legislative authority, but by that of the people themselves. Were the people regarded in this transaction as forming one nation, the will of the majority of the whole people of the United States would bind the minority, in the same manner as the majority in each State must bind the minority; and the will of the majority must be determined either by a comparison of the individual votes, or by considering the will of the majority of the States as evidence of the will of a majority of the people of the United States."
P069,Madison,S14,"History informs us, likewise, of the difficulties with which these celebrated reformers had to contend, as well as the expedients which they were obliged to employ in order to carry their reforms into effect. Solon, who seems to have indulged a more temporizing policy, confessed that he had not given to his countrymen the government best suited to their happiness, but most tolerable to their prejudices. And Lycurgus, more true to his object, was under the necessity of mixing a portion of violence with the authority of superstition, and of securing his final success by a voluntary renunciation, first of his country, and then of his life. If these lessons teach us, on one hand, to admire the improvement made by America on the ancient mode of preparing and establishing regular plans of government, they serve not less, on the other, to admonish us of the hazards and difficulties incident to such experiments, and of the great imprudence of unnecessarily multiplying them."
P070,Hamilton,S18,"The want of a mutual guaranty of the State governments is another capital imperfection in the federal plan. There is nothing of this kind declared in the articles that compose it; and to imply a tacit guaranty from considerations of utility, would be a still more flagrant departure from the clause which has been mentioned, than to imply a tacit power of coercion from the like considerations. The want of a guaranty, though it might in its consequences endanger the Union, does not so immediately attack its existence as the want of a constitutional sanction to its laws. Without a guaranty the assistance to be derived from the Union in repelling those domestic dangers which may sometimes threaten the existence of the State constitutions, must be renounced. Usurpation may rear its crest in each State, and trample upon the liberties of the people, while the national government could legally do nothing more than behold its encroachments with indignation and regret."
P071,Madison,S07,"Within every district to which a federal collector would be allotted, there would not be less than thirty or forty, or even more, officers of different descriptions, and many of them persons of character and weight, whose influence would lie on the side of the State. The powers delegated by the proposed Constitution to the federal government are few and defined. Those which are to remain in the State governments are numerous and indefinite. The former will be exercised principally on external objects, as war, peace, negotiation, and foreign commerce; with which last the power of taxation will, for the most part, be connected. The powers reserved to the several States will extend to all the objects which, in the ordinary course of affairs, concern the lives, liberties, and properties of the people, and the internal order, improvement, and prosperity of the State. The operations of the federal government will be most extensive and important in times of war and danger; those of the State governments, in times of peace and security."
P072,Hamilton,S16,"If, to obviate this consequence, it should be resolved to extend the prohibition to the raising of armies in time of peace, the United States would then exhibit the most extraordinary spectacle which the world has yet seen, that of a nation incapacitated by its Constitution to prepare for defense, before it was actually invaded. As the ceremony of a formal denunciation of war has of late fallen into disuse, the presence of an enemy within our territories must be waited for, as the legal warrant to the government to begin its levies of men for the protection of the State. We must receive the blow, before we could even prepare to return it. All that kind of policy by which nations anticipate distant danger, and meet the gathering storm, must be abstained from, as contrary to the genuine maxims of a free government. We must expose our property and liberty to the mercy of foreign invaders, and invite them by our weakness to seize the naked and defenseless prey, because we are afraid that rulers, created by our choice, dependent on our will, might endanger that liberty, by an abuse of the means necessary to its preservation."
P073,Madison,S12,"May it not happen, in fine, that the minority of citizens may become a majority of persons, by the accession of alien residents, of a casual concourse of adventurers, or of those whom the constitution of the State has not admitted to the rights of suffrage? I take no notice of an unhappy species of population abounding in some of the States, who, during the calm of regular government, are sunk below the level of men; but who, in the tempestuous scenes of civil violence, may emerge into the human character, and give a superiority of strength to any party with which they may associate themselves. In cases where it may be doubtful on which side justice lies, what better umpires could be desired by two violent factions, flying to arms, and tearing a State to pieces, than the representatives of confederate States, not heated by the local flame? To the impartiality of judges, they would unite the affection of friends."
P074,Madison,S12,"The fourth class comprises the following miscellaneous powers: A power to promote the progress of science and useful arts, by securing, for a limited time, to authors and inventors, the exclusive right to their respective writings and discoveries. The utility of this power will scarcely be questioned. The copyright of authors has been solemnly adjudged, in Great Britain, to be a right of common law. The right to useful inventions seems with equal reason to belong to the inventors. The public good fully coincides in both cases with the claims of individuals. The States cannot separately make effectual provisions for either of the cases, and most of them have anticipated the decision of this point, by laws passed at the instance of Congress. Another power is to exercise exclusive legislation, in all cases whatsoever, over such district, not exceeding ten miles square, as may, by cession of particular States and the acceptance of Congress, become the seat of the government of the United States; and to exercise like authority over all places purchased by the consent of the legislatures of the States in which the same shall be, for the erection of forts, magazines, arsenals, dockyards, and other needful buildings."
P075,Hamilton,S09,"By a curious refinement upon the spirit of republican jealousy, we are even taught to apprehend danger from the militia itself, in the hands of the federal government. It is observed that select corps may be formed, composed of the young and ardent, who may be rendered subservient to the views of arbitrary power. What plan for the regulation of the militia may be pursued by the national government, is impossible to be foreseen. But so far from viewing the matter in the same light with those who object to select corps as dangerous, were the Constitution ratified, and were I to deliver my sentiments to a member of the federal legislature from this State on the subject of a militia establishment, I should hold to him, in substance, the following discourse: The project of disciplining all the militia of the United States is as futile as it would be injurious, if it were capable of being carried into execution. A tolerable expertness in military movements is a business that requires time and practice."
P076,Madison,S04,"But ambitious encroachments of the federal government, on the authority of the State governments, would not excite the opposition of a single State, or of a few States only. They would be signals of general alarm. Every government would espouse the common cause. A correspondence would be opened. Plans of resistance would be concerted. One spirit would animate and conduct the whole. The same combinations, in short, would result from an apprehension of the federal, as was produced by the dread of a foreign, yoke; and unless the projected innovations should be voluntarily renounced, the same appeal to a trial of force would be made in the one case as was made in the other. But what degree of madness could ever drive the federal government to such an extremity. In the contest with Great Britain, one part of the empire was employed against the other. The more numerous part invaded the rights of the less numerous part. The attempt was unjust and unwise; but it was not in speculation absolutely chimerical."
P077,Madison,S01,"If we resort for a criterion to the different principles on which different forms of government are established, we may define a republic to be, or at least may bestow that name on, a government which derives all its powers directly or indirectly from the great body of the people, and is administered by persons holding their offices during pleasure, for a limited period, or during good behavior. It is essential to such a government that it be derived from the great body of the society, not from an inconsiderable proportion, or a favored class of it; otherwise a handful of tyrannical nobles, exercising their oppressions by a delegation of their powers, might aspire to the rank of republicans, and claim for their government the honorable title of republic. It is sufficient for such a government that the persons administering it be appointed, either directly or indirectly, by the people; and that they hold their appointments by either of the tenures just specified; otherwise every government in the United States, as well as every other popular government that has been or can be well organized or well executed, would be degraded from the republican character."
P078,Madison,S08,"In addition to these persuasive considerations, it may be observed, that the same reasons which show the necessity of denying to the States the power of regulating coin, prove with equal force that they ought not to be at liberty to substitute a paper medium in the place of coin. Had every State a right to regulate the value of its coin, there might be as many different currencies as States, and thus the intercourse among them would be impeded; retrospective alterations in its value might be made, and thus the citizens of other States be injured, and animosities be kindled among the States themselves. The subjects of foreign powers might suffer from the same cause, and hence the Union be discredited and embroiled by the indiscretion of a single member. No one of these mischiefs is less incident to a power in the States to emit paper money, than to coin gold or silver. The power to make any thing but gold and silver a tender in payment of debts, is withdrawn from the States, on the same principle with that of issuing a paper currency."
P079,Hamilton,S09,"In reading many of the publications against the Constitution, a man is apt to imagine that he is perusing some ill-written tale or romance, which instead of natural and agreeable images, exhibits to the mind nothing but frightful and distorted shapes; discoloring and disfiguring whatever it represents, and transforming everything it touches into a monster. A sample of this is to be observed in the exaggerated and improbable suggestions which have taken place respecting the power of calling for the services of the militia. That of New Hampshire is to be marched to Georgia, of Georgia to New Hampshire, of New York to Kentucky, and of Kentucky to Lake Champlain. At one moment there is to be a large army to lay prostrate the liberties of the people; at another moment the militia of Virginia are to be dragged from their homes five or six hundred miles, to tame the republican contumacy of Massachusetts; and that of Massachusetts is to be transported an equal distance to subdue the refractory haughtiness of the aristocratic Virginians."
P080,Hamilton,S03,"Independent of all other reasonings upon the subject, it is a full answer to those who require a more peremptory provision against military establishments in time of peace, to say that the whole power of the proposed government is to be in the hands of the representatives of the people. This is the essential, and, after all, only efficacious security for the rights and privileges of the people, which is attainable in civil society. If the representatives of the people betray their constituents, there is then no resource left but in the exertion of that original right of self-defense which is paramount to all positive forms of government, and which against the usurpations of the national rulers, may be exerted with infinitely better prospect of success than against those of the rulers of an individual state. In a single state, if the persons intrusted with supreme power become usurpers, the different parcels, subdivisions, or districts of which it consists, having no distinct government in each, can take no regular measures for defense."
P082,Madison,S19,"I will address one additional reflection only to those who contend that the power ought to have been restrained to external taxation by which they mean, taxes on articles imported from other countries. It cannot be doubted that this will always be a valuable source of revenue; that for a considerable time it must be a principal source; that at this moment it is an essential one. But we may form very mistaken ideas on this subject, if we do not call to mind in our calculations, that the extent of revenue drawn from foreign commerce must vary with the variations, both in the extent and the kind of imports; and that these variations do not correspond with the progress of population, which must be the general measure of the public wants. As long as agriculture continues the sole field of labor, the importation of manufactures must increase as the consumers multiply. As soon as domestic manufactures are begun by the hands not called for by agriculture, the imported manufactures will decrease as the numbers of people increase."
P084,Madison,S08,"Had the Constitution been silent on this head, there can be no doubt that all the particular powers requisite as means of executing the general powers would have resulted to the government, by unavoidable implication. No axiom is more clearly established in law, or in reason, than that wherever the end is required, the means are authorized; wherever a general power to do a thing is given, every particular power necessary for doing it is included. Had this last method, therefore, been pursued by the convention, every objection now urged against their plan would remain in all its plausibility; and the real inconveniency would be incurred of not removing a pretext which may be seized on critical occasions for drawing into question the essential powers of the Union. If it be asked what is to be the consequence, in case the Congress shall misconstrue this part of the Constitution, and exercise powers not warranted by its true meaning, I answer, the same as if they should misconstrue or enlarge any other power vested in them; as if the general power had been reduced to particulars, and any one of these were to be violated."
P085,Madison,S13,"But were an exposition of the term inhabitants to be admitted which would confine the stipulated privileges to citizens alone, the difficulty is diminished only, not removed. The very improper power would still be retained by each State, of naturalizing aliens in every other State. In one State, residence for a short term confirms all the rights of citizenship: in another, qualifications of greater importance are required. An alien, therefore, legally incapacitated for certain rights in the latter, may, by previous residence only in the former, elude his incapacity; and thus the law of one State be preposterously rendered paramount to the law of another, within the jurisdiction of the other. We owe it to mere casualty, that very serious embarrassments on this subject have been hitherto escaped. By the laws of several States, certain descriptions of aliens, who had rendered themselves obnoxious, were laid under interdicts inconsistent not only with the rights of citizenship but with the privilege of residence."
P086,Hamilton,S02,"It may not be amiss in this place concisely to remark the origin and progress of the idea, which aims at the exclusion of military establishments in time of peace. Though in speculative minds it may arise from a contemplation of the nature and tendency of such institutions, fortified by the events that have happened in other ages and countries, yet as a national sentiment, it must be traced to those habits of thinking which we derive from the nation from whom the inhabitants of these States have in general sprung. In England, for a long time after the Norman Conquest, the authority of the monarch was almost unlimited. Inroads were gradually made upon the prerogative, in favor of liberty, first by the barons, and afterwards by the people, till the greatest part of its most formidable pretensions became extinct. But it was not till the revolution in 1688, which elevated the Prince of Orange to the throne of Great Britain, that English liberty was completely triumphant."
P087,Madison,S14,"A third does not object to the government over individuals, or to the extent proposed, but to the want of a bill of rights. A fourth concurs in the absolute necessity of a bill of rights, but contends that it ought to be declaratory, not of the personal rights of individuals, but of the rights reserved to the States in their political capacity. A fifth is of opinion that a bill of rights of any sort would be superfluous and misplaced, and that the plan would be unexceptionable but for the fatal power of regulating the times and places of election. An objector in a large State exclaims loudly against the unreasonable equality of representation in the Senate. An objector in a small State is equally loud against the dangerous inequality in the House of Representatives. From this quarter, we are alarmed with the amazing expense, from the number of persons who are to administer the new government."
P088,Hamilton,S02,"From the same source, the people of America may be said to have derived an hereditary impression of danger to liberty, from standing armies in time of peace. The circumstances of a revolution quickened the public sensibility on every point connected with the security of popular rights, and in some instances raised the warmth of our zeal beyond the degree which consisted with the due temperature of the body politic. The attempts of two of the States to restrict the authority of the legislature in the article of military establishments, are of the number of these instances. The principles which had taught us to be jealous of the power of an hereditary monarch were by an injudicious excess extended to the representatives of the people in their popular assemblies. Even in some of the States, where this error was not adopted, we find unnecessary declarations that standing armies ought not to be kept up, in time of peace, without the consent of the legislature."
P090,Hamilton,S20,"The more intelligent adversaries of the new Constitution admit the force of this reasoning; but they qualify their admission by a distinction between what they call internal and external taxation. The former they would reserve to the State governments; the latter, which they explain into commercial imposts, or rather duties on imported articles, they declare themselves willing to concede to the federal head. This distinction, however, would violate the maxim of good sense and sound policy, which dictates that every power ought to be in proportion to its object; and would still leave the general government in a kind of tutelage to the State governments, inconsistent with every idea of vigor or efficiency. Who can pretend that commercial imposts are, or would be, alone equal to the present and future exigencies of the Union? Taking into the account the existing debt, foreign and domestic, upon any plan of extinguishment which a man moderately impressed with the importance of public justice and public credit could approve, in addition to the establishments which all parties will acknowledge to be necessary, we could not reasonably flatter ourselves, that this resource alone would even suffice for its present necessities."
P091,Hamilton,S03,"The great extent of the country is a further security. We have already experienced its utility against the attacks of a foreign power. And it would have precisely the same effect against the enterprises of ambitious rulers in the national councils. If the federal army should be able to quell the resistance of one State, the distant States would have it in their power to make head with fresh forces. The advantages obtained in one place must be abandoned to subdue the opposition in others; and the moment the part which had been reduced to submission was left to itself, its efforts would be renewed, and its resistance revive. We should recollect that the extent of the military force must, at all events, be regulated by the resources of the country. For a long time to come, it will not be possible to maintain a large army; and as the means of doing this increase, the population and natural strength of the community will proportionably increase."
P092,Madison,S08,"A fifth class of provisions in favor of the federal authority consists of the following restrictions on the authority of the several States: No State shall enter into any treaty, alliance, or confederation; grant letters of marque and reprisal; coin money; emit bills of credit; make any thing but gold and silver a legal tender in payment of debts; pass any bill of attainder, ex-post-facto law, or law impairing the obligation of contracts; or grant any title of nobility. The prohibition against treaties, alliances, and confederations makes a part of the existing articles of Union; and for reasons which need no explanation, is copied into the new Constitution. The prohibition of letters of marque is another part of the old system, but is somewhat extended in the new. According to the former, letters of marque could be granted by the States after a declaration of war; according to the latter, these licenses must be obtained, as well during war as previous to its declaration, from the government of the United States."
P093,Hamilton,S11,"The necessity of a Constitution, at least equally energetic with the one proposed, to the preservation of the Union, is the point at the examination of which we are now arrived. This inquiry will naturally divide itself into three branches the objects to be provided for by the federal government, the quantity of power necessary to the accomplishment of those objects, the persons upon whom that power ought to operate. Its distribution and organization will more properly claim our attention under the succeeding head. The principal purposes to be answered by union are these the common defense of the members; the preservation of the public peace as well against internal convulsions as external attacks; the regulation of commerce with other nations and between the States; the superintendence of our intercourse, political and commercial, with foreign countries. The authorities essential to the common defense are these: to raise armies; to build and equip fleets; to prescribe rules for the government of both; to direct their operations; to provide for their support."
P094,Madison,S07,"The State government will have the advantage of the Federal government, whether we compare them in respect to the immediate dependence of the one on the other; to the weight of personal influence which each side will possess; to the powers respectively vested in them; to the predilection and probable support of the people; to the disposition and faculty of resisting and frustrating the measures of each other. The State governments may be regarded as constituent and essential parts of the federal government; whilst the latter is nowise essential to the operation or organization of the former. Without the intervention of the State legislatures, the President of the United States cannot be elected at all. They must in all cases have a great share in his appointment, and will, perhaps, in most cases, of themselves determine it. The Senate will be elected absolutely and exclusively by the State legislatures. Even the House of Representatives, though drawn immediately from the people, will be chosen very much under the influence of that class of men, whose influence over the people obtains for themselves an election into the State legislatures."
P095,Hamilton,S17,"The hope of impunity is a strong incitement to sedition; the dread of punishment, a proportionably strong discouragement to it. Will not the government of the Union, which, if possessed of a due degree of power, can call to its aid the collective resources of the whole Confederacy, be more likely to repress the former sentiment and to inspire the latter, than that of a single State, which can only command the resources within itself? A turbulent faction in a State may easily suppose itself able to contend with the friends to the government in that State; but it can hardly be so infatuated as to imagine itself a match for the combined efforts of the Union. If this reflection be just, there is less danger of resistance from irregular combinations of individuals to the authority of the Confederacy than to that of a single member. I will, in this place, hazard an observation, which will not be the less just because to some it may appear new; which is, that the more the operations of the national authority are intermingled in the ordinary exercise of government, the more the citizens are accustomed to meet with it in the common occurrences of their political life, the greater will be the probability that it will conciliate the respect and attachment of the community."
P096,Madison,S07,"Having shown that no one of the powers transferred to the federal government is unnecessary or improper, the next question to be considered is, whether the whole mass of them will be dangerous to the portion of authority left in the several States. The adversaries to the plan of the convention, instead of considering in the first place what degree of power was absolutely necessary for the purposes of the federal government, have exhausted themselves in a secondary inquiry into the possible consequences of the proposed degree of power to the governments of the particular States. But if the Union, as has been shown, be essential to the security of the people of America against foreign danger; if it be essential to their security against contentions and wars among the different States; if it be essential to guard them against those violent and oppressive factions which embitter the blessings of liberty, and against those military establishments which must gradually poison its very fountain; if, in a word, the Union be essential to the happiness of the people of America, is it not preposterous, to urge as an objection to a government, without which the objects of the Union cannot be attained, that such a government may derogate from the importance of the governments of the individual States?"
P099,Madison,S01,"The Senate is elective, for the period of six years; which is but one year more than the period of the Senate of Maryland, and but two more than that of the Senates of New York and Virginia. The President is to continue in office for the period of four years; as in New York and Delaware, the chief magistrate is elected for three years, and in South Carolina for two years. In the other States the election is annual. In several of the States, however, no constitutional provision is made for the impeachment of the chief magistrate. And in Delaware and Virginia he is not impeachable till out of office. The President of the United States is impeachable at any time during his continuance in office. The tenure by which the judges are to hold their places, is, as it unquestionably ought to be, that of good behavior. The tenure of the ministerial offices generally, will be a subject of legal regulation, conformably to the reason of the case and the example of the State constitutions."
