sqft,bedrooms,bathrooms,age_years,lot_size,dist_to_center_km,price
-0.22960247171356998,-0.37187569624087,0.302037097471676,19.0,0.24734676111609943,4.826440581935837,167923.0
-0.5153597541471868,0.07025188655985944,-0.4978683265688011,40.0,0.1953077732581824,4.996709227333632,168307.0
-0.7669876752638816,0.3364022795884784,-1.438889097276478,28.0,0.3108989241658743,4.370710066739449,207435.0
-0.13265907745447655,-0.07244496777477194,0.3420115199139998,29.0,0.1150544751519344,8.456317870150801,136089.0
-1.6027012831423082,-0.529997212063732,-0.7747242375641067,30.0,0.3401985609617965,9.02134498213038,192645.0
-1.5231307737699835,1.4204111684327065,0.8421457139677723,39.0,0.4378026906368212,2.399496440178333,490323.0
-0.23803273834722127,-0.5932116824792413,-0.3891423003165896,35.0,0.4198786955160585,7.578378399061153,327845.0
0.8842949915112727,-0.8080310380774947,-0.9793799087281645,23.0,0.44567518252903077,6.624741269421895,261518.0
-1.1265812122332983,-0.6588153111202445,0.9273597230548307,5.0,0.12860197417270886,5.502881697445764,43572.0
-0.8358080049797422,-0.7908235095993812,-1.6469578296695002,37.0,0.10854905284924507,5.769401643322742,3139.0
-0.005628027603937739,-0.281937306096377,0.58672692957107,36.0,0.11264615549223647,5.032838132409061,141780.0
0.23964056163595865,0.24142694749725158,1.1188032122506255,40.0,0.0873138168117335,6.329819524877835,223299.0
-0.010400532618470563,0.4169622070380235,0.7087491917292418,22.0,0.09121623523570788,4.39086894034409,148886.0
-0.21241186305381296,0.8459223109556647,1.4258286928786248,31.0,0.31208470914594194,5.782480810283339,388263.0
0.24499940773784507,1.3852080071413821,-0.6259785214803771,27.0,0.32053727131604415,4.254387673533198,315226.0
1.8596261052274337,-1.8730474222166906,0.8232297807731194,16.0,0.4712669589684653,4.920732268741517,272140.0
-0.9773122950713541,-0.6194436496356029,-0.3467443632263367,49.0,0.3439674105406747,3.8977277684766367,304137.0
-0.6447820160744093,1.2232398201982368,1.0125277230694967,29.0,0.1668267801318897,4.468982213313644,254780.0
0.5222768180279702,-1.084333752063647,-1.1218037682784565,20.0,0.3554779601222778,8.428482581832233,160814.0
1.1486768023149796,-1.3717578931065098,-1.2094748474506394,25.0,0.15290032457507355,6.609897668140422,24232.0
0.01822595530535726,0.5474861615731869,0.23159861096832896,14.0,0.49021198251381415,3.9034589541850115,362025.0
-0.1887361481729386,-1.2719680471130255,0.027751945044087744,38.0,0.10395421152862533,5.287952748591631,98537.0
0.6118651682233851,1.0552731970052787,-0.6577360596487979,18.0,0.22733276899631014,6.328577071661981,192316.0
2.0727487936114444,-1.9532284486893934,0.9843625878120329,54.0,0.16696971122081614,6.14911777358412,166612.0
0.20015612000188399,-1.3652386607090115,0.0832056347788691,18.0,0.021335940105713797,7.943773766296122,-89930.0
-1.2356284339412558,-0.802286310591963,-1.1935779466468182,12.0,0.3441998301890283,7.39886064350465,146484.0
-0.91007025599353,0.8696908340874475,-1.6708783322014402,34.0,0.1677903946199904,8.60486914579538,169917.0
0.11894912550989091,0.26860409761224385,-0.3446274619820403,13.0,0.09763117471837848,6.953168209294445,89452.0
-0.40606735964110585,0.4749753319481824,-0.8106042544214002,29.0,0.36135036877625865,7.492114607746165,244016.0
-0.47002512512534567,0.20518497193619442,0.2910344364191571,52.0,0.40824700528504143,8.904646824840727,414487.0
1.3246817388678929,-0.6378411136540161,-0.23292994616735804,7.0,0.1867882981296008,7.54126838889086,41736.0
-1.7148211688960675,1.01132753563185,0.3084518763587059,32.0,0.2972008048548311,4.978208699587904,316655.0
0.464272420032606,0.08564669938690993,0.4462252568863855,27.0,0.16242514546948109,5.763506589428008,144447.0
-1.0553824529208535,-0.35495462356628493,0.25779796908709,17.0,0.06684224016321011,3.3292833840578098,68307.0
-0.7700850198574442,-0.5262792781286701,2.16602918250748,38.0,0.369683636073872,9.435705325672568,363334.0
-0.9044385682365238,-2.0315173762969447,1.0129414624595123,23.0,0.36166694249493675,7.735389700759816,188644.0
-1.887400647069935,0.3984783111173365,0.03434408056491226,22.0,0.20405983249717696,8.642430764796044,204031.0
-1.1029156335216852,2.13329058799953,-1.5513175656414047,20.0,0.33517632951557647,9.123322349896775,267555.0
2.0198086335363055,-0.2775773510320569,0.2649229724017637,27.0,0.20374739622487734,2.8942395935512226,182603.0
-0.07358909477507597,-0.7823722619055389,0.5903667609077433,37.0,0.17767047079723539,7.025749840687076,137067.0
-0.7309659586843874,-1.8039434220928552,0.40665972476634754,34.0,0.38795437094355156,4.536585875106984,239571.0
1.1688288075456732,-0.5104541953887487,0.08771662037179222,35.0,0.14247927615907804,5.793444790106961,142246.0
0.1342004307247467,1.057117148740584,0.47858007058933905,22.0,0.20543261510037047,4.97253957072397,224542.0
0.23549855882126172,-0.6480494522242942,0.9849104285800541,24.0,0.41682602648047873,5.270101326935323,341134.0
-0.11328686352356933,-0.5117495246719579,-1.1064212176169652,35.0,0.1465286070765191,2.644113480196784,35240.0
-1.0177395662550448,0.14880886169169372,-0.9693539187047209,28.0,0.11368720179019531,5.186207805128289,38132.0
0.8306690107543435,0.9861063610500334,-1.5326713700849153,39.0,0.637087363541488,7.930022238899634,516008.0
-1.1884152095331433,1.0183417905438685,-1.097665724283825,20.0,0.5341038756888008,7.733520965602187,404325.0
-1.9401819953487922,0.170661188305494,0.9343913623519546,37.0,0.30388793883376375,5.127026233622589,289700.0
-0.6600369834035615,1.4710100746600376,0.29934613069362126,3.0,0.25772958925722955,6.6750740229688885,193587.0
1.1297484663254553,-2.0781663892592452,-0.13969237894418818,23.0,0.33498412569239533,4.914358430697076,162244.0
-0.8183688034568224,-0.14122214752863263,-0.15887786996807424,31.0,0.06348451231172186,7.806562208352084,71350.0
0.006048783341952069,0.6145474462798433,0.2815260495344645,27.0,0.19002682312681266,2.7275577575936105,167738.0
-0.3584435827814853,-0.06192736989311673,0.7049468936716274,24.0,0.16438599011859711,5.496224129200446,178900.0
-0.012329358409139431,-0.3352306645208236,0.0948489383808939,14.0,0.2888142576721116,7.0985527785679015,183592.0
-0.48732904618959155,-1.3938509650990536,0.7032806039675973,22.0,0.04142579782230843,5.260742154261388,-3369.0
-1.6265424299239852,-0.6941979429769735,0.6432479595126033,23.0,0.11670432612258666,5.254604593023546,114764.0
-1.5410513056514077,-0.33965978517454726,1.681203477291079,9.0,0.22322543733501743,4.751682561771963,203208.0
-0.27009125698721903,0.8235356885128522,-0.6708011887073022,16.0,0.4214933700004577,6.218817019026386,295375.0
0.631793052486089,0.6015395490611873,-0.02450327130398604,22.0,0.3660880334875077,3.5841367414875305,288955.0
-0.5909700186047057,-0.7694972016822984,0.40776558815064073,28.0,0.14810471631135957,9.032496655672306,79713.0
-0.23710129434551566,-0.7911802924819342,0.02198891173406218,19.0,0.4544346896321336,6.354192484737159,276309.0
-1.2607908508621852,0.3156028741064187,-0.20769215137000901,33.0,0.21086678121629054,3.3068122705405125,223348.0
0.09697987318630157,-0.5456984673689408,0.29064111159996886,29.0,0.16424271046804845,6.804977158212951,117846.0
-0.7410087765377201,1.1147339904623144,-0.8877714915133903,35.0,0.26100198274072695,5.427708114900626,238276.0
0.8503725976589949,-0.20336761427515057,-0.4424666473194168,20.0,0.010122565468163425,4.0884736940253505,-12951.0
0.013160592540205166,-0.3838363015290669,-0.3515053561268269,37.0,0.2408767305856097,4.58850679139829,220593.0
-0.5737810992950142,-0.9015636680816934,-0.4985946456519008,21.0,0.35235216687729887,4.593618932479439,188721.0
1.3041049896016912,1.3015082102875113,-0.3984161394781084,26.0,0.10204343573733937,7.487406177523351,143035.0
0.6554265151092478,0.2811377932896858,0.2692267942244307,32.0,0.31053200652316976,7.1586173458110185,287013.0
0.72503722969424,-1.0381601623245746,-0.21035774791324313,39.0,0.19998697275750282,6.273911907304853,156651.0
0.15155002264611184,-0.2786654881116217,1.6028401392417193,16.0,0.3552847877847044,4.774625525076366,330715.0
0.25002492509022867,-0.08826324607379697,-1.765839511260389,16.0,0.1795724507887873,3.78462956729666,15681.0
0.049830209048033015,1.8564193919223242,0.6466197154401777,34.0,0.3652896520089313,7.4784509529920555,435312.0
1.1047942359922707,0.5610383862070539,-0.2219607312954256,21.0,0.18182877625942703,7.133004317139371,150556.0
-1.5067631629920812,-1.0370657590314982,-1.7182982208126993,18.0,0.13964647397941618,5.667915402515105,-31221.0
-3.053852291524618,-0.5306519025045203,0.13982177372908045,19.0,0.3037290845569505,5.372628654582242,197532.0
-0.4518967745978477,-0.6010774602463161,-0.751486923857459,40.0,0.3003261213268542,8.161619606973751,222230.0
0.39027221483317776,0.3242891603099022,0.4155688533209921,24.0,0.13560553508647283,7.424455616096362,135612.0
-1.0723949712714902,0.5164337705851008,-1.328156608540754,34.0,0.337501785036401,4.897271649266646,222788.0
-0.8912650983278984,1.1346893547209884,-0.7567390137734442,37.0,0.4562359128716328,8.578726481919828,410004.0
2.0850506958777983,1.186534680685714,-0.06298503983812608,31.0,0.20217448080142747,5.530436359866964,235620.0
-0.3101641040999954,-0.5544359925730483,-0.07880819860970432,14.0,0.2820178732381146,7.631575732211471,145255.0
0.17792502100536087,-0.7774651583758652,0.21611958484866747,10.0,0.19772083841908297,5.929584819432828,36234.0
0.28473924595273287,0.5417694312056671,0.35748885059330704,27.0,0.3255181634537721,3.331654684674853,268491.0
-1.0595012742248988,-0.4513911161780213,-0.1855131140967682,12.0,0.39567577222454003,8.782273448098767,245833.0
1.160469772478857,0.0038748224952948433,-1.5708067620423793,25.0,0.210070101440816,7.306821603754637,108584.0
-1.4730786554099173,1.0718810362286755,-0.4070349052648126,33.0,0.23993251679482816,6.648802836573997,263445.0
1.262992556407589,-2.7185462883407476,-0.974098158970029,20.0,0.2561834667548096,5.5558733122720785,7802.0
0.11624685361165502,0.48159648981742564,1.3723642572271741,30.0,0.30033675761971135,5.9556029253009335,337447.0
0.27864476767140595,0.35731980519672357,0.5640135261391176,41.0,0.04129955563587573,6.390990273777785,164726.0
-0.1977010717534716,1.0465058904630535,0.8870321813109077,30.0,0.0617404583983818,4.276081873834284,172520.0
-0.6083545022138244,-1.0085897760770681,1.5474110667387169,18.0,0.02824538491744527,3.6850392876222773,32737.0
-0.8460084287350522,-0.5342018227498976,-0.061707273046038146,24.0,0.0310333855694922,5.281451783577262,-32533.0
-1.6419678163749327,-1.272093403852576,0.08978007082473485,23.0,0.14711275112311212,8.368058903129091,42831.0
0.02775709761510274,0.8561535071310481,-2.3617914050142637,22.0,0.24966344774610325,1.6583482424791915,159539.0
1.7845279764646558,0.13600286304816583,1.2049077832234363,29.0,0.11735598004937212,5.106351578667722,165135.0
0.053070475299053586,-1.6878361876024301,-0.5408972415356961,16.0,0.14557128646008,7.224729037308538,-27466.0
-0.011145597478132,0.7479832507553985,0.7414930459199448,35.0,0.32197416982562616,6.262320818084708,344491.0
0.6905308650253461,1.8852946474443293,-0.42944267487438437,32.0,0.2064467861867525,5.041123726573559,280090.0
0.8643168532923446,0.831464962842534,-0.18441693352494995,17.0,0.14489287023222486,7.552872150379081,130863.0
1.1995141875059856,1.1532047865022623,0.6364263504897861,26.0,0.28858435133536936,7.213439283838325,313015.0
0.3698347564964498,2.086444314061248,-0.45230385681199337,29.0,0.31359891935149325,7.437006768090036,338072.0
-1.5590016977066026,1.654975323405401,0.3774367538669691,19.0,0.3040125967909012,4.837973291256759,316141.0
0.3003244423257321,1.2349980335778434,-0.4758790434013589,14.0,0.31209200731012676,5.855625728068826,257156.0
2.2480072717500397,0.3403413979581459,-1.3874091167023532,26.0,0.24686356099447548,6.382904245425844,125921.0
0.16184782712073084,-0.2254478795148608,-1.4982728561203817,39.0,0.17222929008652066,4.594965273016452,97551.0
-0.087247792148136,0.8139500111844665,-1.5238564718120091,23.0,0.3571685056761638,7.8636999601281445,267895.0
1.707453996531087,0.5790160233792405,-1.1095237905468047,25.0,0.26509765365605736,7.177021545240365,206218.0
-0.7943858451880303,0.32016132281302556,0.15567154664914318,15.0,0.29796282391700324,7.383390230352715,227929.0
-0.09705342866754645,-0.4971389677341478,0.8580734739035034,24.0,0.2581628536518251,13.357680654595418,201356.0
-0.5942586809551073,0.8571897387851807,1.7389435764370098,15.0,0.21235330947297568,7.819966709411463,248756.0
-0.6914058739821901,-0.522408600532443,-0.7001819633889538,20.0,0.16518219077540996,4.3970129395353394,88983.0
-1.4897099124129793,-0.5787366622310101,-0.3992929683623521,28.0,0.24957934967590967,8.104400980798045,185324.0
2.155162272329288,0.04117257533543449,-0.4455355830396875,26.0,0.12219090690721685,5.771330042010983,66133.0
0.14607499926481338,-0.07796411772873467,0.6064923899413421,23.0,0.30534874039975274,7.5201108284470015,228419.0
-1.1935000618325886,2.3701509236813054,0.24389000842040306,26.0,0.3230054609777667,3.916807063920789,395539.0
-0.8146694702340959,-0.5417150092571569,0.7141952422590568,29.0,0.2783964491850883,6.851630881331724,245744.0
0.4684411662994476,-0.2646054571375747,0.8632163108147082,30.0,0.31161804664084686,3.012025504487157,272672.0
-0.49954671731079936,-0.18409523762891156,0.02597534112960298,11.0,0.2267811651352712,7.4143889360495105,102780.0
-1.0009172990610096,-0.31077279104273003,0.6446712373880189,41.0,0.20228566534441317,5.946597533790794,227916.0
-1.0126768770308767,1.1990071231359725,-0.33248782377513947,26.0,0.39430984197584085,9.752281885399793,330491.0
-0.16803894823844273,1.0322071740346426,0.7453419898396013,8.0,0.3192038582388699,7.3257310201779635,307195.0
-0.17861512324122417,-1.21140625051168,-0.33878906868626046,38.0,0.24062670353329021,6.970555721133662,121528.0
3.265357314522055,0.14298417319188314,-0.08168463171424373,19.0,0.3270211306854063,5.370724199940661,264669.0
-0.25593386070261454,-0.9823800778695925,0.5390175681736451,12.0,0.023560724921712017,6.139016459415952,-80344.0
-0.25971779518426685,-0.4748316308278822,-2.364603820493015,15.0,0.13670250669015274,8.183816218813659,-27179.0
1.5726050740219948,1.271772406377791,2.3195066178347337,25.0,0.16685679598760852,4.138119294591247,288421.0
0.36351341013588134,1.1120653558870157,-0.5951421193414126,24.0,0.047219862377693766,6.130088775393113,37570.0
-0.28636938590874206,-0.393708298707466,0.9464383151465855,20.0,0.2923042621513342,3.5501261133771074,251956.0
-0.3940502227222454,-0.4780707049794982,1.3041141344079115,20.0,0.13409602336046056,4.556232437773375,134378.0
-1.3866994454875354,1.7241230016111846,-1.0587462227979454,8.0,0.2644368933501608,5.625508184852264,196054.0
0.006672024203895043,-0.91381245342089,-1.4032181742912206,23.0,0.22239281769515978,5.154646219453882,37173.0
0.21728929544757877,-0.5886748640231518,0.3192653301374555,27.0,0.2407330887826423,4.9500055028516465,172082.0
1.034677020775289,0.15835302094869277,0.9514329030569183,32.0,0.10119469050952734,5.62380462952976,152970.0
-0.4632472323089638,-0.2718157573480116,0.8686323929947997,33.0,0.3163672449694472,3.9745394127664975,274340.0
1.0597656991902347,-0.5066433708501364,0.44888730197534654,31.0,0.13229434459565542,7.101031818505273,101049.0
-0.5807451550566413,1.1026843611448909,0.45706939068779795,27.0,0.2154535763005676,7.9380858458628305,225321.0
1.7617904364875527,-0.5011568454010827,-0.6117422398527224,14.0,0.23307590739359477,6.825658319434423,37751.0
-0.9550196205981308,-1.8805109695847588,-0.8565904459384109,24.0,0.18269984795495303,6.297301050137499,-6912.0
-0.6571232612189877,-0.22129517502498305,-1.8794057452716741,30.0,0.13296354350339976,5.4977067334154865,6334.0
1.7261339794526867,0.39444839740375354,-0.9934247661638359,20.0,0.027374085566184037,7.213378885486485,-45001.0
1.4269965782837377,1.4373564657089333,1.562547731163901,21.0,0.13568500687046184,5.748153724026219,283146.0
1.5871822467238466,0.03470244436326832,-0.144508268533566,28.0,0.2753937009735012,7.557863996319205,231653.0
-1.1689863508592298,1.70709420035041,-0.14683546081744722,32.0,0.19959053764396523,7.501079064114048,219345.0
0.29732034720205125,0.04757173299353469,-0.07919093208197672,25.0,0.15034200254224495,4.2570875266335815,138585.0
0.10215145569511278,1.1320150187169609,-0.037897199090865905,23.0,0.17953562515497984,2.963679401607368,208289.0
-0.6538067843242803,1.6020961975524117,0.03179938105251893,33.0,0.37990097090591385,11.672958513168439,372437.0
0.3693320076885329,1.9338719512837557,0.9432778495210403,35.0,0.13881083651820536,6.05841234021782,294806.0
0.4682478718129873,-1.367065085815092,2.1305277291529836,30.0,0.206407288324987,4.951401795780104,223382.0
-2.1230462128304786,-2.5316051653936955,-0.5293432949263238,17.0,0.33816098130205285,5.634517005081377,119374.0
1.636507588562155,0.6224593113935378,-0.06640144120069486,24.0,0.3260848011204838,9.235134308787407,274473.0
0.3504885551233899,0.4511667804247316,-1.697060207207234,32.0,0.536786329019353,4.957683222200959,364588.0
0.23331010898191015,-0.5960015013704296,0.026840192651328004,16.0,0.23769823377007981,2.9932362648000708,127153.0
2.51199327826113,-0.5643796038304337,0.3697005381258735,35.0,0.4620127344461019,5.061446668281212,382488.0
1.3218444011154702,-0.6618071509328127,-2.294793968973389,21.0,0.26606283957979493,4.947133784287683,43706.0
0.6533519068430019,0.024698400241796918,1.0543412715407061,16.0,0.23432144263833107,7.435053201469845,210789.0
0.9292427983848988,-1.4752364346116,1.6839304225808727,20.0,0.23225249685520502,5.595100982173509,179018.0
-0.015923928717970083,-0.31306132961772387,0.9927219130559003,36.0,0.16560083796283437,4.618190783866861,193639.0
-0.9949812426534494,-0.10253244978103583,-0.8865661441130154,24.0,0.14168992341077385,8.1048633509896,55586.0
0.34319269997215107,-0.1343204066188738,-0.32494165164891653,14.0,0.24457637262439416,6.077037804346443,122902.0
1.8830801749879025,0.9271841213256384,-1.7108003763915653,16.0,0.22907383627185335,5.70308934205241,115277.0
0.010872165969190845,-1.429916760247134,-0.7447344031055757,8.0,0.2501678426445543,7.039207835699152,56694.0
0.21311967334732523,1.2366184962571096,-0.988114071247163,12.0,0.1232609132389664,8.78117527910419,88302.0
0.36712416781728574,0.8711046576844523,0.9662378522521317,41.0,0.17932577344992315,7.467393534376215,279846.0
-1.1964977282180775,-0.2789047420863809,-0.46496514121799903,26.0,0.2307149209883233,4.1808907294002795,119092.0
-0.15049030597441315,-1.4715137276892227,0.2228917434772521,50.0,0.1691399220368634,4.001878981132687,124655.0
0.3309339943836213,1.524281760290237,-0.8564994630830935,17.0,0.1842479154810177,8.989457790434965,140917.0
0.36246526807479346,-0.9401476689467042,-0.7686990184690439,21.0,0.24372051761701877,8.46029200527451,113272.0
1.154798693556202,1.5793250503274696,-1.8288423524089115,34.0,0.20710043695182623,7.638154342713278,168352.0
0.7822461912128673,0.031052107663438154,-0.31166221346480094,32.0,0.09275018997156484,8.865491930420305,76830.0
0.2989805949860514,1.6467834469166036,0.9102776705050387,24.0,0.0728887275400236,8.953418332448303,167057.0
1.4553091003467853,-1.4679599831030379,0.8291306339288008,27.0,0.18110106859765596,7.907122448988384,112559.0
0.392984367831412,-0.8247456840713918,-0.8432919606984983,11.0,0.1924003693848129,5.997849164615727,40311.0
-0.410451540529481,-0.6883156398401252,-1.3109800515202472,33.0,0.0008224572822880805,6.673287367269806,-71840.0
-0.9662547583052287,0.25078526555994135,-0.04221895135566262,14.0,0.1250746208528279,3.9852151280258425,106144.0
-0.04401950899803568,-0.15771841810810894,-1.1149221101515054,20.0,0.08702194498431118,8.338877094409483,11595.0
0.7955270507947706,-2.920980039895321,0.0434184407906262,14.0,0.19889599083948195,6.998845287999787,-15587.0
0.43130662653783797,0.09625040105820798,-1.5982528747022293,10.0,0.28701213930291314,2.9489152003645303,122960.0
-0.8576775698687907,-0.8769669047181953,-0.22777209916791213,17.0,0.05480878513682155,7.199154662633104,-29397.0
1.2597025919957585,0.3695440189991543,0.004727793671528484,21.0,0.2562713728834723,4.112962059300346,162771.0
0.9498644094990144,0.2617661690185996,-0.8053618615017674,35.0,0.3772063390641065,6.358665398986359,283979.0
0.1355392474616404,-0.4402499964235289,-0.31426122496779013,48.0,0.27445517776914513,9.61541627513969,273357.0
0.2115089888806866,-0.6464168412547765,0.04854990351251357,6.0,0.2098444047233408,5.930171782390659,120067.0
-0.511376496450521,-1.5812843559859495,-1.113061754636948,31.0,0.07821477633204485,5.555738358086218,-40056.0
0.5173899317609384,-1.6547393721599697,-1.4795239000860965,16.0,0.3682762766616924,7.173250218830839,83173.0
-1.5307885710139757,0.849831106738674,-0.8047523344958196,34.0,0.28051608226731906,5.831059739661678,246802.0
0.1625426599422577,-0.7407928510261599,0.5791113039105195,21.0,0.15403806617812846,6.387231161980881,76554.0
1.5734712484180764,-1.3402929938322052,-2.4799755765762383,22.0,0.20475149620852715,7.120305840911428,-26056.0
-0.8153648561685042,-1.205493828983752,-0.4726417067634183,28.0,0.35591457379446,3.6410311732244534,195149.0
-0.18785124422273242,-1.0884098032650937,-0.4539855185727876,35.0,0.11908960371090602,8.205579387651579,32836.0
-1.094642121421141,-0.20472362094741375,-0.5966234600017399,24.0,0.201665742708393,9.794276557580035,156431.0
-0.06780811359156382,-1.0298250696375846,2.1408676413730365,36.0,0.11747314842281517,5.464754719722007,179331.0
-0.08224497665264813,1.0075021787714233,0.22242677248686787,36.0,0.01844661461683575,6.230644157287913,128720.0
1.9442404313376391,0.5776019812261015,-0.8397188811686309,25.0,0.348483474733854,4.435469610151377,241525.0
0.38095037924515684,1.94571631103762,0.8968542747246806,12.0,0.4990593842841301,4.622333330979187,492735.0
-0.6252360969226095,-1.9319593176100265,0.2763437740788762,24.0,0.0549926926619842,4.00645401788983,-113692.0
-0.608525732800586,-0.13044549504818778,0.5866810327668683,51.0,0.3182255709805218,4.185279622762062,324893.0
-0.752449693175716,-0.9081569946756385,0.49008974477919887,15.0,0.064852988480674,4.404401746605347,24670.0
-1.1607789581799628,-0.6956047319530013,-1.897637153039914,3.0,0.16087874321669154,4.671090949641735,-65564.0
-0.2883660262067545,-1.4724434338541865,0.1716712119580156,33.0,0.24894323653435557,4.792977926792233,119464.0
1.2572245838869456,0.6202333505513735,0.12452517028050403,17.0,0.054218509725367015,8.076028781666365,68809.0
1.0009785968637976,-0.8306380360079575,0.10996610143763162,38.0,0.1819156706208449,7.27691118172722,121690.0
-0.0004723344078254828,0.7765530494153082,0.7351471651816418,30.0,0.1744532726833694,10.054467102793033,224253.0
-1.5740280682624397,-0.21989216867500644,-0.3620840396479434,32.0,0.2438501428425081,7.062026649333157,195972.0
1.4492925836813388,-0.05344214998746492,-1.344203261742978,32.0,0.3492340845296685,3.7414315445661908,250863.0
1.7744474848638196,0.05593354696777553,-1.2918280473799546,28.0,0.11850281793275103,6.10654978454872,26179.0
0.17965924190900953,-0.6827742654025039,0.5621264638970594,29.0,0.18928100352952265,7.5750743780941034,138100.0
0.1682745941849003,0.37351550968192954,-1.666258322410636,31.0,0.21306734794356352,4.777216343636235,154676.0
-0.98186509430312,-0.07815049119766002,1.2205362868528642,35.0,0.23241286513359444,2.8454666733326053,267801.0
-0.29536397175421836,0.5252702950698817,-0.16899919651340528,14.0,0.15885834428764534,5.974680913197839,121658.0
0.6039836525142519,0.6917220443220012,-0.521324254096345,11.0,0.09705555793658008,8.176551177924933,34949.0
1.0921210190708992,0.6810764064908224,0.8545571039284426,21.0,0.3002566088773696,4.393568969445098,277073.0
0.020300174929778116,-0.23583644537858398,1.664985033017511,26.0,0.34460189812616177,7.1010819100576015,331028.0
-1.0116923412805328,0.7446729146546991,1.386976101916924,37.0,0.38908657520270984,7.978527859179762,443008.0
0.7203608036423697,0.09503118815956033,1.692840981820083,35.0,0.2996251644778547,7.507975006645228,316636.0
1.7765553097331375,1.2289741380065489,0.013640942354250963,20.0,0.16167955004855106,2.6607573716501656,161578.0
-0.11466905732170757,-0.9207671385574202,0.9618136986416502,37.0,0.1982789100183541,5.388762439404769,190571.0
1.6778512314609197,-0.7037986022228375,0.04696390971117239,22.0,0.08445254028996108,3.1280235003745576,45348.0
1.8764476466325273,1.9016623856087989,1.024026189620912,31.0,0.2388905671211161,3.5131662837975526,377381.0
-0.010174933615099106,0.6737292991024268,0.9782265964232143,29.0,0.3773420348109551,6.718231307673018,402033.0
0.9027178845342277,-1.2449739447268753,0.5554322687459421,22.0,0.20657947188795647,7.342518148009201,129222.0
0.4958281153581823,1.158671986864418,0.5426669315004339,12.0,0.23092354015445202,3.1532802984109023,219547.0
-1.04468252904015,-1.2208365059077433,1.7069641336421624,23.0,0.2127770669501842,2.636471373050822,183544.0
0.7772275088999492,-0.1856051818014976,0.13528410239158514,37.0,0.20279877684633446,9.22309287317187,218225.0
1.0122326442004737,0.9175011208389647,-0.22682225606302747,23.0,0.26229974335302486,3.5800201007844885,242161.0
-1.3343921716112577,1.4866667209608495,0.5222865921246655,27.0,0.04560844144270232,7.237198436832917,157378.0
0.4275493963833914,-0.13533077286962295,1.7986132788396216,35.0,0.10952595423221717,7.132179719273246,192537.0
-0.3373242565810997,0.08812533275002464,-0.26708269278183433,35.0,0.21782100361326792,6.047363904872728,210459.0
0.3949035531782252,1.1542967933623012,0.9155036770693904,29.0,0.2665041502595431,4.642338664969988,288659.0
-0.2733141188211799,-0.00709570412804988,-0.5634034088016516,32.0,0.2703887633871179,9.421780718383573,210249.0
-0.16653286614857626,1.6746446782425377,0.46679844099668355,17.0,0.1714837340164107,6.229698698651166,213169.0
-0.38668312988682796,1.99497957449246,0.7589770796831942,35.0,0.4240399732947106,3.7808679955490705,494266.0
0.9373059592622521,1.0556892095083743,0.7822839562328687,26.0,0.2856367920381743,4.7370372597874715,341464.0
-0.6257032542276798,-2.1919830540705862,0.8236832937297541,27.0,0.31768844407675956,3.850927551656756,178147.0
0.2491249128903411,0.4832587317622605,-0.45038457994283015,25.0,0.35839046147648695,5.56185581031649,279809.0
0.47309220964450155,0.23317167831572355,-0.4257821568787577,16.0,0.3072186329561765,6.485301596716419,216872.0
-0.6678059147013125,0.9750816219856667,0.7186210247260996,14.0,0.3575301092920463,8.466058148279794,310508.0
-0.3149223809092571,-0.249617545145146,-0.4674904170751271,24.0,0.03899347796850128,4.256027140837045,41140.0
-1.4954778233564023,0.5481086818204667,0.8366983464545282,40.0,0.33302146321189174,5.135820854822129,366879.0
-0.4670825217775007,-2.046558194149341,-0.9375694937048739,26.0,0.3531441810108583,2.895795221588296,102841.0
-0.006235762975755304,-1.3170850221497532,0.17000902212771052,32.0,0.3228462687582985,3.864554163522842,224596.0
1.087374600070702,1.95773777451692,2.3836222699485736,40.0,0.38825761046632024,7.255975977489322,533197.0
0.20838627301185245,-0.5125983971365738,-1.866729625517625,11.0,0.1960527914978012,6.233231415336538,28929.0
-0.026529299017075222,-1.5919601980578502,0.8753599459405009,27.0,0.2667070740878888,7.538411585940535,165897.0
0.34522644533512364,1.3729122348938467,2.596752618920057,35.0,0.08067363667864852,4.337741523377673,293247.0
0.0767667062891693,-1.3167493689771066,-0.1936204943613228,39.0,0.3499443049096414,5.774609038414677,231958.0
-0.35325239878254594,0.33104886375166553,-0.19932551087464698,30.0,0.5040681737484007,4.377818654395518,402537.0
-0.17346383262268356,0.1963251964729724,-0.5346875619407336,16.0,0.1573468546011706,4.439589632419493,92239.0
0.14126960426637647,-1.18069271297131,0.3438399489334048,9.0,0.3457137639174459,4.623413499210685,149804.0
0.5372566745088614,-0.4185578131574458,0.6702515725796817,33.0,0.3276431093480199,11.506909172214023,304308.0
0.886666762733724,0.5966000980522866,0.8138784239507381,22.0,0.26098665630072854,5.090351266010125,253397.0
0.4167216701716807,0.26662600514589113,-0.6765856346246081,32.0,0.3808035495168216,4.1638753019396395,266253.0
-2.0998528917713326,0.8668249092418331,0.1453659326759858,9.0,0.0689817530517498,6.638074263393814,2587.0
-0.33170215049219337,-0.3992454112999063,0.03735133729208085,37.0,0.4012140042502494,7.306072311279105,291952.0
0.5045200929083424,0.35310051063345455,0.4831451665093956,25.0,0.07565988196542625,5.29849938599679,98629.0
-1.8018886958686242,-1.5615500788824865,1.3951206426996303,34.0,0.3839525410396412,7.618690430666506,312945.0
0.41042412832861286,1.1917107359340933,0.35186077446681674,30.0,0.20727157604058588,7.13744923134798,255228.0
-1.7855283647275701,-0.9524522621077705,-1.1557347881837585,30.0,0.20905134146932375,4.037483102680877,77314.0
1.3220894022452399,0.4896533182104148,-0.0692462547237303,19.0,0.2939047099226919,6.54538518598204,212447.0
-1.6589042207735138,0.6795786973864087,1.2539575067622353,34.0,0.26105636437660235,2.546129638671781,303349.0
0.2432663473861628,-0.6814818034018922,-0.059120163749002815,37.0,0.11272714042565693,6.503561538892532,99937.0
-0.6684881578927675,1.385816989970641,1.6138100157867303,26.0,0.2883412562214906,7.280271874887245,375319.0
0.7401890387889355,0.910129616111176,0.6336257973047059,5.0,0.27383508237162296,7.781057146695465,249910.0
-0.9336721076136962,-1.144113737815739,-0.7399337803519258,41.0,0.23597341827864127,5.72548075702774,154390.0
0.4704555924542535,1.5721279460552078,-2.0998374121857544,26.0,0.3638894410401088,4.77362400366736,275583.0
-1.076623012380461,-1.9647819912853788,0.17855027348251706,31.0,0.38076355736854156,3.6934489639887182,213286.0
0.54099146671551,-0.5768388203896445,-0.1142254721139924,27.0,0.04794067976866029,8.029789104412632,41674.0
2.0779336560064383,0.5244542385646801,-0.6119654525619046,24.0,0.24329848041960175,7.357369985876942,189276.0
0.22127123661416573,1.1943928746833616,-0.8836377372044554,27.0,0.35337829680601984,7.164265413881317,286050.0
-0.6167819617085004,1.2118780314199544,-1.060806027379524,38.0,0.19841712620497995,3.9156573151005922,199340.0
0.15668045264209554,-0.3253836899685448,2.222336530737423,27.0,0.2986287460215092,5.088086847067035,356171.0
-0.4423961995726193,0.380649946486388,0.8726555050896941,28.0,0.5226577608151726,3.43019627748517,468684.0
-0.5378035922904436,-0.269482796210703,-2.8762755057326195,31.0,0.3117885723036497,6.51284099415075,138107.0
1.356029894302472,-1.9578456434476688,0.3828585897577605,2.0,0.08916290866779641,4.00634066902367,-63181.0
-1.7393769645016588,-0.384739030280576,-1.1755009378635755,24.0,0.4161462836386448,7.282916969166658,234471.0
0.4533599972258417,0.6678957920424884,1.337218268161122,27.0,0.2716582134552698,9.876880743088682,279369.0
-0.5611498491865169,-0.2258374185660862,-1.7400875672503178,26.0,0.32486766487460983,4.724475685378687,175621.0
-2.089404399551871,1.4364356030187861,-0.05544179183839249,26.0,0.2993213106194802,5.820783166405021,291442.0
-0.5217409196315111,-2.3369093578430706,-0.338348402423605,21.0,0.24832889828257332,4.7239299820524945,40218.0
-0.3495287864089951,-0.8130308666861292,-0.7895193515196279,24.0,0.23201274160821322,8.038738108182057,82922.0
-1.7966772480649016,0.3274256066265627,-1.7614065428900352,32.0,0.051740103367928086,5.676867188355831,-7991.0
-0.9990517691775926,-0.5368606017216331,-0.5258518187782769,22.0,0.3146504704935603,8.767012541447304,186695.0
-0.5562858496350739,0.4623012706525871,-0.6876136495741912,43.0,0.17873146913963117,7.350799881600318,164182.0
1.1235706903724856,1.2486686770367397,-0.4641381771586413,24.0,0.3846240009366859,7.847459436065819,343401.0
0.10535250735521279,-1.5332043154212025,-1.1242023833566634,40.0,0.10474722568966802,6.4980571334332655,30654.0
-1.0286411881679751,-0.6281472408173695,2.5223787510296543,40.0,0.25931958722118115,4.162024852345098,367596.0
-1.0268442856868043,0.19457252077896936,-0.07342838747991697,35.0,0.24630908871007448,5.375364177087165,211453.0
-1.7487787439462545,-0.5889826823236208,-0.07482685775075902,36.0,0.37935315092487576,4.463576614596836,289556.0
0.897034417764084,2.385030856765637,-0.3077990599212874,22.0,0.38136949486642235,8.579189196009944,379465.0
0.943282664955676,0.5424646258668352,0.03571170485987865,23.0,0.2642304384701296,10.402267322267718,221205.0
1.1347216571662524,-0.7833211177083614,1.3594754570698349,20.0,0.32586312648501503,7.064451668737826,251608.0
-0.9614321501713287,-1.488170180119241,0.37670138662136093,37.0,0.2826028709442395,7.522481691385851,161827.0
1.637706683607539,0.18438358000006955,-1.0154809936651403,33.0,0.23503124430659572,7.611248217139494,193251.0
0.4680674032085832,0.126826291908579,-0.14801477702396723,36.0,0.2797136265316532,6.132299495800847,245654.0
0.14846019527194754,-0.0828313341027728,-1.038465820978491,21.0,0.2589275782640303,5.663247727025128,122267.0
0.9864147270568506,0.3419096164104954,0.23662367622680996,36.0,0.2578289770485997,6.713229132053918,262138.0
0.6385688486744282,-0.813205961759465,1.6717412777887786,32.0,0.42456603439753765,5.160450393576666,402356.0
0.66106027523802,1.2917946418291564,0.6606268502580351,24.0,0.08441730364622704,6.911418148860372,179194.0
-1.0651173568847063,-0.4920104050195465,-0.1100410364248336,14.0,0.12228449452563273,2.591878686266946,-120283.0
-1.5749119040665926,0.5005927905726915,-0.05652476438454179,19.0,0.486223987128515,5.523339025656196,397777.0
-0.9180629739028192,-0.9925081206250288,0.3040147454552333,20.0,0.45483545034320305,8.374049988397472,285756.0
-1.5152999485984548,1.0665022545818084,-2.626619944596962,16.0,0.3378836308277229,6.978961282793851,194834.0
-1.1851711044403188,0.11775478504968474,1.153186131377531,28.0,0.13202925396569942,6.313529617740407,172708.0
-0.42896486449325766,0.21854382257583127,1.8261922129906718,23.0,0.2187154026287927,7.60949861406468,251951.0
-0.7111841155965817,0.6575172982465686,-1.1272269426725352,42.0,0.3644197591663093,3.920768541040264,298752.0
-1.2195106699207898,-0.6445923874572713,-1.368925646507878,37.0,0.21765227221376665,6.704876147723871,107273.0
-1.0262542233267127,0.0453262858560003,1.232681905315214,22.0,0.12053899781518734,5.8192348960750815,130024.0
1.4279092181606952,-1.7494899991115835,-0.15950199933343048,19.0,0.3533393648443847,4.567021684308772,205288.0
-0.10083271239665348,1.5653546916588696,0.705619248985397,1.0,0.30517415579761403,6.691883104489854,304021.0
-0.16774458853427737,-0.78074936403184,0.9066986733401842,38.0,0.4231860902102511,8.439056136881518,348135.0
1.2731896243737173,-1.0819491393425642,0.11257472131846141,24.0,0.21707822978296606,6.885175549977847,125173.0
-0.21441253222851087,0.00039758027509988214,-0.9151327615279526,25.0,0.36069911785496334,5.239805632580809,239913.0
2.4267713618740037,0.8828495070579233,-2.0455535436454833,42.0,0.3690976558416212,6.457789996959028,312942.0
2.3352918321582483,1.9378803283170043,1.0534073554244494,31.0,0.29525425093060875,5.107689439322494,356334.0
0.6773013649378549,1.8647506719011195,-0.5512952339145994,37.0,0.40580650370991567,5.290859637037299,432771.0
0.1273333632721956,-0.8154843108997101,-0.7126226919237839,41.0,0.17429540493478796,8.392681947474955,128825.0
0.0021478738660482754,0.21896661682803598,0.30103947379077783,34.0,0.016235766710864213,4.00420151603157,48328.0
-0.4341192947050344,0.8777269309544014,-1.505461886970775,29.0,0.10121896573424263,9.21351532238937,70126.0
1.1019441848153655,0.179148587508098,-1.1861558554477334,18.0,0.3710782697733772,5.601000080043988,216080.0
-0.3113309515388713,-0.5712066102352151,0.4383175617388222,23.0,0.3350112639641498,9.393460712194514,230211.0
-0.02522330116084292,2.251836187692732,-0.5080631335410165,17.0,0.10749235519865974,5.998495609897127,187241.0
1.4017043203960438,-1.675043641703072,-1.3392155460065058,9.0,0.5829219381087237,6.597417829580911,250487.0
-0.8905864273698304,1.029384845991839,0.7892587772807687,13.0,0.07689486308978383,5.480492703078691,127887.0
-0.6413772691666676,-0.2456204865878003,1.2816275791083618,33.0,0.1280768395768513,6.961958685000658,153744.0
0.2997097710691754,-1.340589010563442,-1.105474529309624,43.0,0.3062190573432608,5.85670913676327,200643.0
-1.3857172236329096,-0.19327995576926488,-0.0781466929992852,22.0,0.2896964913049683,4.686601353687407,211348.0
-1.3144673153775044,0.7101162792019137,-1.3409536851714483,29.0,0.4628164953620426,8.638126935939724,359277.0
-0.18091989273811795,0.03884545414543771,-0.07734706556418866,17.0,0.21660505492283116,5.406871340412758,163736.0
0.5848815223934885,-1.3989240245564194,1.2454724035279263,16.0,0.3754638948261299,5.740102310309867,233799.0
0.24366651528410485,1.341322742682397,-1.139483167812081,33.0,0.5623154450128989,4.829407068410225,464641.0
-0.4349791169947835,-0.43990063598570733,0.5792289990582152,21.0,0.20794725644487452,1.1208335053230103,148663.0
0.04318782450877092,-0.48728980747094197,-0.4491886230564205,34.0,0.14270879838276265,5.071085597329442,85491.0
2.076111776945885,0.31584213752419193,0.3817267208661347,45.0,0.23503745901430656,4.607270340464167,250331.0
0.398221602290258,-0.820166615501181,-0.8333973163499709,24.0,0.40030142926998824,2.6580162834846983,211927.0
-0.522356802351734,0.5505031957561746,1.3543628102937617,22.0,0.1954049380019957,9.204483180825193,209328.0
-0.9377066143454943,-1.0181657108262714,0.33048574509985773,36.0,0.5464959757100758,2.6471003699334243,392510.0
0.12416925390059531,1.8306571532234124,-0.22592662165675576,38.0,0.009422149209652064,6.212832874239744,114560.0
-0.37340705273944835,-0.8261217787884544,0.4597855471199516,46.0,0.16228558861322448,4.66364376268964,155268.0
-0.3716722813933964,-0.03846228228020609,-0.8373103476025245,21.0,0.08991352559106316,4.591791013241764,18054.0
-1.7796183313845475,-1.6072172359240888,-1.0462773587298715,41.0,0.023407046895421973,6.472162365965275,-42036.0
-0.8097575970275855,0.961688947185106,0.036474015495227156,20.0,0.23607394539714896,7.370330790612019,263002.0
1.581633037036934,0.024517102323216463,-0.6058064423799595,28.0,0.19374477946297136,6.304137487899215,164084.0
1.6913919200722567,1.879367272781374,0.4531150003326723,32.0,0.2084104357921001,6.712144538478483,289430.0
-0.6290578251036175,0.03340614582078685,-1.942053128738924,27.0,0.24949752524515292,8.494033994847863,95039.0
1.0575741227217352,-1.287395245446466,1.989146115259892,24.0,0.3179258419094159,7.334386009485825,269948.0
0.6199884790485709,0.7273090815311881,-0.5742271294118787,34.0,0.14848572855705428,7.757856826465236,166800.0
-0.6448949414899605,0.5343569533588615,0.6574779007052426,20.0,0.05734315565940282,6.165095871230826,82743.0
2.3907866303101106,-0.6687597709987093,-0.31765241851850384,26.0,0.4235958354742959,4.499869062017718,256071.0
-0.4791757618503213,-0.33865719336386324,-1.5644510886201413,28.0,0.04462836388768626,5.035479900105253,-31902.0
-1.0332955057652122,0.34954142257414156,1.0711498987596453,4.0,0.2713260947512307,6.090466413206403,260283.0
0.9521751726786224,-0.7098525610642722,0.6252674646177497,28.0,0.27004124089381387,4.9571581480831375,214635.0
-0.2575221383207137,0.26393192195043275,-0.7457741059019619,32.0,0.3687116169860105,5.926488432384117,276027.0
0.7060747852616899,-0.6995050167596061,-1.3552482093128622,36.0,0.18804881539073248,6.504096760207076,69453.0
0.041194033416665596,-0.1659997888860999,0.3345080670444775,38.0,0.2002257964276228,6.197946546107335,189151.0
-0.14642602686328612,1.2777175347005862,-1.3501999319037714,10.0,0.15167763495339903,5.440615321445875,68878.0
0.461048310351135,-0.09439440439422793,-0.4709153626558105,31.0,0.1909668726342785,6.097979370711482,136572.0
0.530211446162439,-0.282608283384899,0.08123738750033807,15.0,0.22322331002112222,8.097043939358226,126570.0
0.6503462213548498,-0.09734200366783907,0.3617072737291472,28.0,0.3056881125056081,3.3444890371292955,232285.0
-0.6194380861985559,-0.5167985887549483,0.03243266817244559,25.0,0.28374139679106797,5.226565736660206,230308.0
-0.7293780196246037,1.1721851525600402,0.9804222408930388,36.0,0.1634916544864796,7.916695798429608,276602.0
-0.568042762285947,0.8149114210422594,-0.8073539797180237,23.0,0.3509358025937944,3.0252326003398444,249847.0
1.5604358696308165,-1.0014678125183847,-0.4044015966640113,35.0,0.2408424967907733,6.00758910344701,121765.0
-0.5771250910993498,-1.2538365027293084,-0.7743028475461007,14.0,0.14522886894134424,5.261449347421825,-3461.0
1.3241453682377435,-1.015224421466069,1.4339677035040843,2.0,0.18813632953018183,5.754919051943827,110500.0
-0.77650886030973,1.502257595881189,1.3666882202188417,17.0,0.1467624816973971,6.5545190857481455,258596.0
-0.2415491842812287,0.837876384289013,0.9862761916793943,37.0,0.16405086273843306,4.3064856634048985,261645.0
1.0921802036229258,-1.2588005888306457,0.6683352479311235,24.0,0.47340074125254145,10.84073339405624,342398.0
-0.46996503942095064,0.3756559423470378,-0.5015876960339369,19.0,0.09204381579747556,2.169619334217673,29017.0
-0.40930033464661264,0.15026773475979072,-0.0387160830696079,52.0,0.35770500792151044,2.7885836951754834,362211.0
-1.5284943090163061,-0.7012467311192507,-0.756901083278944,36.0,0.3759622654280135,6.500351024137117,276594.0
0.10068942311520641,0.6013932899563995,-0.429637265892685,28.0,0.3175522146696609,7.002896008551378,253106.0
-0.667623259041681,-0.49888601212130884,1.1805852499593743,5.0,0.13725905584767212,8.039034982517675,92939.0
0.0825562661582835,0.568614304242725,0.434192354000489,13.0,0.3632991657859068,5.539665837929909,269386.0
0.42430237687918815,1.8889534208141785,-0.4177833367485242,31.0,0.4633646548638214,3.441947346097602,452517.0
0.8659693618599299,1.3362915918873828,0.8910566769821511,37.0,0.29663573928439313,3.923404406780919,372574.0
0.286904330163389,0.2519316197352681,-2.227854745763101,17.0,0.19079760057844772,6.267112047489414,37419.0
-1.7103631572935583,-0.7736663486852258,1.1327450462112694,17.0,0.2661128914686399,5.501782678369553,245719.0
-0.8228104476231893,0.08557021109201683,0.8786379133417532,33.0,0.18923889614739886,6.908526506715095,233423.0
0.2718545338503108,0.2893104436315414,-0.02137832553346347,28.0,0.3346544266133653,5.451415562276674,269066.0
0.15188884577218761,-0.51504197021916,-1.0943025965956967,29.0,0.3051735071826429,3.90925305461909,148142.0
-0.2542222099649693,-0.12492770689134763,-0.24072335271712497,22.0,0.3195089695063043,4.108276861206616,237901.0
0.07792737001768894,-0.7750287385985172,1.2248835908220137,31.0,0.36666558517888703,5.268573463167852,307128.0
0.2060804984454707,0.48071706273461795,1.668031520523549,39.0,0.3182631903611229,5.571117158377512,376036.0
-0.4620544462342555,-0.49730072242891693,0.21368153762371694,26.0,0.12287733564379696,7.091210091025019,119291.0
-0.18763082869235773,-0.6493764102147223,1.0938586176428156,40.0,0.28828826201219904,7.725344986800112,285382.0
-0.4240813334940069,-1.06873171458412,-0.27287742041656715,11.0,0.2575763461860488,4.417158491583578,68404.0
0.622811366967855,-0.4621399025542257,0.22180421662451635,19.0,0.32159097535634706,4.969152799375362,228847.0
1.3742854961312134,1.1631056809048257,-1.092385514878944,14.0,0.30503396499157537,3.7647589133886883,247288.0
2.1108095951871366,-0.8765462007370092,-0.6058602673768487,25.0,0.5666269996394484,5.864644298443263,345094.0
-1.0306309685541617,0.28339723779105264,-2.400049865337181,32.0,0.14685416348654803,5.5607752904616845,49278.0
-0.88713242818615,-0.8023097028675531,0.026981783750170782,7.0,0.03305781449130374,6.5018809912626345,-45060.0
0.7165311317725821,-1.5483209422330488,-0.13829431485180152,31.0,0.12147403687844596,5.673517785766973,61437.0
-0.373235697999747,1.667973881627313,-2.0838835098078397,13.0,0.4028972790992358,4.8600911402178815,241566.0
0.3538356519339769,0.8826332847861387,-0.323144287510994,30.0,0.16504173904285416,5.316289562144348,161654.0
-0.2156989691240174,-0.533475358384714,-1.3801460924259568,19.0,0.23868050802935606,4.869712233542921,82418.0
-0.6605132748692825,0.7720122375422497,0.5019892799071127,11.0,0.1631067685932501,8.052684522909527,132868.0
0.3250845793163879,-0.4591435988651383,0.24928046864099057,26.0,0.21067842926539598,7.731007370302342,152315.0
-1.7255606650109863,-0.050998868790835004,0.9082515414970803,27.0,0.3165608553001933,8.515810100064513,273860.0
-2.710968446800607,-0.906483733855621,0.012288792456688083,45.0,0.3084639157249976,3.4447384331415947,233927.0
-1.3553847268509125,-0.44282530805653436,1.03673183016318,30.0,0.04073940076225305,5.561819984307579,70256.0
0.6998555746589684,1.1810329171653977,0.03213790967989696,20.0,0.2942610026134065,4.637057767767617,315434.0
1.300648856767537,-0.39905748824396753,0.7468329442694438,26.0,0.30752120020375157,8.994943472916221,252590.0
-2.501105487210631,1.0055915346429656,0.6849052200176037,30.0,0.19918149325024484,5.095201081051311,280596.0
-1.1670008705732526,0.39732000418067737,-0.3218530139304604,34.0,0.14014243779821398,4.341388583107925,131364.0
-0.014651580171265803,-0.1402289119981212,0.907262538199515,17.0,0.3467590337386767,7.609425805159747,262290.0
1.434796892166231,0.31389335009120656,-2.5425944865367898,12.0,0.31558004240395854,3.4217035291887434,139652.0
-2.2013473524739755,1.6495692834601798,0.7035915756222704,37.0,0.23160096286179616,6.130498158636158,362388.0
0.6850205978852851,1.0137760028110683,0.297129508877768,24.0,0.19058832106256585,7.000696734363478,225722.0
1.3174199636802184,0.7191061822111764,0.6783942543817952,25.0,0.3026321236075795,7.848780326921947,298760.0
0.3397896401844037,0.9957342807086782,1.4297457209158368,11.0,0.20167417888716674,6.885950030968951,263650.0
-1.3212388379923157,0.2236107550326761,-0.28909118196996897,19.0,0.41763929379724407,8.601049871022907,341139.0
-1.4351994885452777,-0.47726961958959085,-1.639229688123751,23.0,0.3145657197213003,1.7503553858980556,137000.0
-0.04946338058017601,-0.5805564716625492,-1.3840088633929757,33.0,0.25685634234510024,6.576358682551606,142187.0
-1.1764046280452447,-0.5912181956147282,0.5594509693827685,39.0,0.18203861577933503,7.52462571072098,195847.0
2.2700430314740947,-0.2675342261246498,-0.32311600761387455,34.0,0.2571480802903578,8.389661905654826,198776.0
0.5896267382085052,-0.650026915119706,-0.6545735361999763,21.0,0.3442008925037835,3.652348143714284,176401.0
1.6589803804582937,0.8389619189781028,0.5449010633411182,27.0,0.24899535115968957,4.881663515416368,275185.0
-0.4876084617650034,-0.36805220054513665,0.746870615089748,18.0,0.26334696575712685,5.904398380017348,171054.0
-1.4100701446942185,-0.33362044210781955,-0.07144164586622355,26.0,0.24015736548203886,7.200826273812007,146611.0
0.4837313052653331,1.2883579653718025,-0.12150638115314898,19.0,0.2727547012067519,4.706364296232929,239570.0
2.179552358330025,-0.4060813001127219,2.828211605696999,21.0,0.07448300832540874,5.626204454835666,144324.0
0.5348603326971966,-0.9239287597606466,-0.11893302218749814,30.0,0.3166697811402815,4.856304475684111,233763.0
-0.2786585562681489,-0.08184834560681513,1.068754604467814,36.0,0.2825381766756716,7.40665566546749,296218.0
0.13797195914681445,-1.2434654403897754,-0.13406158768863638,10.0,0.5217896071509808,4.696551953698556,262463.0
-1.8765378367563161,-0.1095613445501211,-1.7560943989819355,28.0,0.20675270660946976,3.3131748769068676,98404.0
-1.0825049433837644,0.8927322391899284,0.05830170998355956,12.0,0.22043489577105438,2.752367389375563,185683.0
-0.02333390557808625,-1.6335464394169943,-0.7938896591045064,31.0,0.10126168894893209,4.933430861820311,-48247.0
0.25072267229237255,0.21399243562686915,0.5712266589926587,29.0,0.4129962264475948,6.7020061988990065,372079.0
-1.6643174593330776,0.3372788855085661,-0.4582643436926238,48.0,0.2295160536121207,5.7558856501134725,262366.0
0.13223535237722567,1.2683530974334933,-0.7584698731971122,17.0,0.09872309655283226,5.14336435754622,76853.0
0.035574784806346606,0.898944039475809,-2.1413357473086196,15.0,0.3638261871504508,2.5044405127452,217147.0
-0.04068544052419738,-0.019803205651121415,-0.11287736206566228,25.0,0.10157352425391819,6.787736483330695,-71940.0
-0.6755938482573943,-0.7735962109327584,-0.5229414107627931,36.0,0.4146662050430009,3.2913881949492696,267877.0
-0.7641084335683855,-1.2877240804765138,-2.7840576739820424,25.0,0.5076363645128283,5.0970703253374205,194314.0
-0.6932009568938033,-1.3625791218931582,0.02919073166118118,21.0,0.30651995656085557,8.383577285050404,137187.0
-1.4074059752326102,0.11212935302663082,0.6483184997978606,5.0,0.2616215001394524,3.592969168874848,161551.0
0.12504894779028378,0.03975816645093919,0.318636436005935,35.0,0.1462589287017052,6.351591974332718,199354.0
-0.6288457865974953,-0.5358913405637172,0.112884778342732,19.0,0.3081539932393601,4.576388637863731,220759.0
0.3373872053729634,-0.472961818562538,1.4039017422051474,18.0,0.39970985157843764,6.800545676346667,334761.0
1.9830148339238436,-0.56019847806562,-0.7923622783970853,13.0,0.4640656216305478,3.10336671807036,281361.0
-0.26486869212894293,-0.1435945052816019,-0.2530583117231287,24.0,0.32309295395852156,4.933429302372733,256967.0
0.8967868866172868,0.7002835619918912,1.2286013351998946,25.0,0.13216548239787174,4.859997357899824,227112.0
1.0096832606711852,-0.26451160751999475,0.7904383523705443,22.0,0.045477550077681256,5.019773055203153,21326.0
-0.10948280673475885,-1.388333901784178,-0.5632710934844875,39.0,0.310357911980419,9.563330670431903,189820.0
-0.7121699539359644,0.6891061019402238,0.6584275716882448,32.0,0.0704346317553729,6.082170558078631,121393.0
-0.5395270243738125,0.1574322347854927,-0.47088862767600154,24.0,0.0804001012912437,7.846030876145525,74379.0
0.020756980199553025,0.5783824550817552,-0.278676190088179,23.0,0.2281142757330583,6.646734440422594,167317.0
-0.11377653816646459,-2.096523765266854,0.676513072814428,20.0,0.2062689535406587,5.841194087656341,83421.0
0.5200843142598209,0.11913019872727944,1.0337239371913987,42.0,0.46569193169556444,8.19643741091913,437080.0
0.9078453176620322,0.15361038279905087,0.23617466574666116,39.0,0.09466549370718794,3.093033413539078,100396.0
0.950869805149293,-0.24281584326492253,0.9793609518073925,10.0,0.2870050154091932,8.076496603012117,211133.0
1.5652411411952034,0.3914733526777928,1.1871645101641848,15.0,0.3326031556601192,2.762052885387892,297613.0
-0.24600369512967796,-0.056009854856327965,1.6109864991841427,16.0,0.10608293217649356,4.364411680303135,82154.0
1.1779660477697274,0.8752543076262652,-0.24902719130008805,26.0,0.09599892907047741,10.14052034406719,92223.0
0.35613425843051694,0.4329527018456921,-0.815641657515654,36.0,0.3226855586249788,9.316010549378248,269720.0
0.16212968555561974,-1.5176443324595912,0.5297300839985356,22.0,0.06089984315747027,7.421925290160987,-20445.0
0.2369668232053739,1.1320224442890034,1.2474638142080043,35.0,0.3470259760219455,5.906190467971535,423061.0
0.35735784025152234,0.7350597247131743,0.4048696499483877,19.0,0.13331231418186978,4.102947666333323,151970.0
0.9571221137430128,-0.9057590583062177,-0.8653015724440191,36.0,0.1590497704915868,5.501361817996859,73342.0
3.4848722215327532,0.9521837239864006,-0.3151083369862869,23.0,0.2979876780187071,6.784531311899535,264204.0
1.115038851318967,-1.1548664831882203,-1.1172547802517172,40.0,0.42405803356776123,7.936977084074732,267375.0
0.6737714210994006,-2.256290696145524,0.2704727664428175,23.0,0.23028795455461865,7.223722756133988,73683.0
0.8389527635096099,-1.7869286704287657,-0.3023465600604979,23.0,0.2927203380203243,3.745814561440475,106418.0
0.9746795125479938,0.39887062254425,0.9051035040958941,30.0,0.009067482219461437,7.861779702135455,79702.0
0.1477322322154073,0.5987766954872116,-0.7578304813911111,32.0,0.3158565089928188,8.6237434905635,250786.0
-0.27236400314643144,0.5878832370775717,0.06079025041116535,19.0,0.31319376130124754,6.037747464843902,274715.0
0.6293396283974839,-0.24054849284041616,0.1012070934594274,16.0,0.3715833302454941,6.911884426893155,248247.0
1.60552661814253,-0.5983320077430655,-3.3585101169979765,31.0,0.23050123006902762,5.3256513761943225,-18406.0
-1.0312764877203604,0.9756710936152952,-0.38056679962064927,51.0,0.3227449936563054,6.325202672690049,386119.0
-0.7927510454397195,0.5827015991834207,0.8603274419715471,14.0,0.06614293462381607,4.606084439819714,113443.0
-1.5270083197020539,1.2326272364321191,-0.7002949266376121,27.0,0.24499487396887668,3.7484301503867528,225131.0
0.3716316138316151,-0.3114105521696977,-0.020693024229758217,42.0,0.2122753329045682,3.397415936983019,232849.0
0.6994587053043468,-0.21983459302993258,-2.526513196899162,20.0,0.30255348247957314,6.806219346260207,57092.0
-0.13679874783370166,-0.1798272538934411,1.5817637318463438,14.0,0.14833182933862138,4.8059602416201725,152889.0
-0.30986084021864485,-0.8263015858264019,-1.5875101742312492,30.0,0.38391052961471894,6.264969332483787,228344.0
-1.078571821995385,0.5764627268379467,0.44571315361416497,37.0,0.16274935377949767,4.0051729405447505,217910.0
0.5915833700552978,-1.1450456035607988,-0.39969048992385453,40.0,0.12386773179746163,8.06825757651849,37653.0
-0.0825711336404125,0.4244350164102117,-0.3646690274916431,7.0,0.18339586833446253,9.109524356814273,133171.0
0.17827191854932806,0.3472881971108918,-0.2258444724083852,19.0,0.4700346754994171,5.224951355876875,333001.0
1.831786401124874,0.22156760875267195,2.126979473271849,23.0,0.270700995896315,7.808428374978027,337240.0
-1.297547860109494,0.8226168111283241,-0.5032438947462949,27.0,0.38675300736006396,8.950622082320876,327126.0
0.4179955330616061,-0.1008525552368732,-1.2016771903103893,13.0,0.21336002034819648,7.102472472651952,61897.0
0.5549976351289239,0.40193787881846693,-1.7292885281890995,23.0,0.42073760643636304,3.530231473102398,238127.0
1.9840135646802508,0.9677680541721345,-1.0118947421063527,13.0,0.32389966274434795,3.8724075544422543,230567.0
2.020581949044041,1.573925177169661,-0.3017410081469664,16.0,0.3790148444307475,7.056662948258175,342518.0
0.8784397529346822,0.945776941242232,0.30521893396487937,36.0,0.36145585916099615,5.498993092492027,357942.0
1.8396001290841646,-0.15220113323322165,0.25906847869634153,21.0,0.22918611668129965,4.833384276506606,174935.0
-1.9348434022751086,-0.047314568725152446,1.7619614033231052,38.0,0.2620991694526794,4.0648429545917395,327088.0
-0.5638305175200549,-0.3337525938904031,-0.1530004015670315,33.0,0.2684818190634278,7.539462143526729,184243.0
1.0977720518659388,0.06125649417085251,1.5826943051405045,5.0,0.15533607220785567,6.5608230199232915,108403.0
-1.6911050678120838,1.1074236167614133,0.8268038609911769,35.0,0.2360731782435676,8.918777657001897,320429.0
-0.6662787946608044,-0.661525133849724,-0.8960567971413252,23.0,0.297187976563896,9.141733318950656,144197.0
-0.6378338948308463,0.2908969778281495,0.14209080965274207,40.0,0.25029392195595407,6.55276609079532,282140.0
1.367724054533309,-0.32356189241077427,0.21286889536314169,21.0,0.3605985285667209,6.496933407201812,261359.0
-0.31812000237843613,-1.7842849699427763,0.8062129456272007,26.0,0.36201096835660596,3.747650405351926,195637.0
0.29522041376807356,0.3173862994733773,0.9415859715168531,27.0,0.17533831937820227,2.8422215121480434,204585.0
-0.33962285532655945,1.588975388319455,0.8382467167243307,32.0,0.2949352580436265,3.7545962765358643,371559.0
0.4074681662270715,-0.36677201670667164,-0.4221647303611066,6.0,0.2656171192324294,4.964201557251643,30693.0
-0.5191965276956819,0.3091921946044626,-0.6593443411607001,9.0,0.5489477549531175,7.148980908329258,356340.0
2.2976655771052,-1.8431089097820303,-1.8923911363258816,22.0,0.22675123682890128,5.800516620643909,-9069.0
1.4717347645022298,0.11738914410662188,0.5567250953148357,27.0,0.339223475437609,8.15655498388318,300101.0
1.2909126982227752,-0.09423555588842245,0.9440402239407898,33.0,0.26942106068173355,6.583538427957816,249584.0
-0.9697773871042675,0.7450216135774164,-1.5196505684397785,32.0,0.30457631474973684,8.102942531086953,252687.0
-0.7550949691873853,0.4728201177778351,0.3825680632351516,28.0,0.5274944195573004,5.816225931405861,444674.0
-0.6566532533320946,0.12450715650224557,-1.8186765356427892,18.0,0.2046649101132662,7.816498467308319,79356.0
-0.7779164692557663,0.2299169563159621,-0.20415778108877058,26.0,0.12146775469667676,5.239038527348496,128014.0
-0.5908587583226924,-1.4664657794181064,0.11283200351857155,26.0,0.2565781470189978,6.8682584598229,135088.0
0.644695799097857,1.2949889421771843,0.9658313776305353,13.0,0.10474232559497645,4.187996270157841,171879.0
-0.9834355922662783,2.030631809458728,0.11689615562375884,24.0,0.12895546015970805,7.614672128694057,233895.0
0.4469307385069603,-0.33613231690357503,-0.7494815269209367,30.0,0.3519921537380287,4.376281913375944,216038.0
-0.2946339379422367,0.4313720006843174,0.19322553561448477,26.0,0.15753551654985057,8.22204935770207,161240.0
-0.6695277176903554,0.40891729810279714,1.0157667947881202,23.0,0.4470157396526459,6.003385867350561,391725.0
0.7112961239515369,0.6554182193506402,0.6376106693021071,43.0,0.4601702755513568,8.508453923825531,463691.0
0.15251061649459188,0.17966383390916768,-1.0163118241719296,21.0,0.2640669874366127,2.9903797286881306,173915.0
0.4319962048390945,1.1527386798796742,0.8065511600841072,23.0,0.125604099368738,6.917636462291696,216443.0
0.03958693950805038,0.1725088395036919,0.4727346728067757,24.0,0.23900278090818397,4.393634704680362,208133.0
-0.8065738840025009,-1.9295616905325919,1.4487092770957875,26.0,0.2243342505872773,6.318399515183626,140796.0
-0.4215541181406595,-0.4121820263616943,-1.0925126454067822,21.0,0.27730295408815614,6.899787817396421,138943.0
0.04700219597863664,0.15896054601771514,-0.3786571997107889,35.0,0.20302992705192,3.5278288721011903,208723.0
0.18645056202897006,-1.058876052668546,0.9056116297006758,31.0,0.28710704542537124,9.743491302825877,234608.0
-0.7862463651347508,1.4433962241142735,-0.44589622709326804,28.0,0.20164519845248033,5.1551930787722275,202412.0
0.6307549060803627,1.0132132164672474,-0.7514695784933536,20.0,0.009824791976167507,5.633647547363565,49959.0
0.7199157155861812,-0.0864862540852633,-1.4466079408281858,33.0,0.25388008587787275,4.060931642903397,157982.0
0.18304330554023113,-1.3693705875332225,1.0697478325390584,14.0,0.5287249543757081,6.095841136784362,334237.0
-0.5515568332799542,-1.7003044041586461,1.0713390959777251,28.0,0.4627384023138335,7.7475640881324415,297799.0
-1.9257110615176776,1.7075858639602468,-0.06662463831732537,29.0,0.33752143294121184,7.0387717212664995,345443.0
-0.7403525928359699,-0.1801971555264353,1.1436383597334605,13.0,0.017285402215810153,5.615051458241675,16503.0
0.1902230581288224,2.1287392003609225,-1.259140710131865,32.0,0.38475822027948686,6.437929915982647,381398.0
-0.08681503237229359,-1.8227801278073101,0.6468148130542374,25.0,0.28472282741770744,6.026722548166866,143544.0
-0.7043342017452815,0.7083968574406228,-1.7927948908968179,24.0,0.20673411565650016,6.054360045335507,146732.0
0.6582852900593951,0.5820904395224011,-1.0470221965667432,30.0,0.3688863226102163,6.007059173941475,312693.0
0.7959934216872523,-0.6728791912563136,2.1104741035442354,26.0,0.3488227727495894,6.485123745240848,341286.0
0.1307477652957913,-0.24451135640969146,0.13696632954345658,36.0,0.28664979159472276,11.332869493220649,219467.0
-1.4988926100386457,-3.3531796942764904,-0.7499114901063222,21.0,0.22081246702376203,1.510222518233955,-56394.0
-0.35289809907709835,0.9623575746593426,-0.4159583199105229,39.0,0.20872853022356552,8.197427670036824,204380.0
-0.2197748659595033,-0.0897433610000605,0.34852148745399536,37.0,0.4194152177995645,8.186455752034513,333134.0
1.1104791740811508,-0.9909099792199396,0.04864369120393134,11.0,0.21413253859692752,3.134273191362834,90447.0
-0.3960756797433018,-1.8299036847468924,-0.8546163594468195,28.0,0.29856915371643294,3.8949668753724986,118824.0
0.40541628755716824,-0.5726370322479006,1.0615484099726833,28.0,0.22401031081257305,6.413157792209537,198242.0
-0.7616168568929919,-0.5403162172651861,-0.4564495404969488,5.0,0.19704942780239224,5.389558001272569,41040.0
-0.8312803061372984,-0.9882381446787922,2.554887757685404,13.0,0.24854815820882944,1.8296544280919598,248707.0
0.3509156835763921,-0.5325891959973463,0.08452057485146043,19.0,0.24688765655179135,6.043948158550128,158401.0
-0.8512591492436168,0.7692141507592848,0.44153824106412926,9.0,0.442807776363753,8.342720947424802,299050.0
-0.2212216078130605,0.5084790609196801,-0.9776180191000027,45.0,0.3134234916571572,6.293145633059633,294784.0
-1.6046987097729462,2.4222153869789906,0.34973681739556645,32.0,0.31807555853248226,9.753080144959943,429083.0
-0.5069887675124907,0.35173928339927585,0.5299511797694199,29.0,0.18116965466024382,5.143140346077801,214470.0
-0.7899051238317762,-0.04443945935682685,0.3908725241657222,53.0,0.3340321285508913,6.242192806438109,344264.0
0.15516570926387108,-1.6568886802151448,-1.1826697591086128,18.0,0.07325536904560342,8.013998431861781,-92165.0
0.23944262327764718,1.40075295432882,0.08741046657693262,27.0,0.2995503358027772,6.285615032608789,320345.0
-0.3920784878793121,-0.5733380224580736,0.8217387032849245,20.0,0.38464181120680707,8.534439903992935,254809.0
-0.30595730597734155,0.8152596087948906,0.284953018354726,28.0,0.4569287499110303,0.3801925214900912,395584.0
1.174094318866759,1.1035678618771123,-0.05521012090592347,30.0,0.4291988945610829,7.315714665468191,406623.0
-1.087467960295248,-0.9286969771173497,-0.47834528091274187,13.0,0.19859388496139127,3.0250364191504913,18038.0
2.2523462350139356,1.3038531411478007,-0.27331219391512807,20.0,0.4207251392105846,4.949536963207628,356133.0
0.6480338520239466,0.3630662168062903,0.5008589417738909,22.0,0.24541444777535576,9.457751030012874,219275.0
-0.09119230876537131,-1.9104310508664077,-2.2929619556107728,12.0,0.2507851726839078,6.615629013975024,-71689.0
-1.222471626438052,0.6677841704704089,0.6355786001628124,25.0,0.3333879023485955,4.408693953480604,314269.0
-1.3175794315012972,0.3328553692492339,0.46640433075214005,36.0,0.35346649855314866,7.026321966284022,330907.0
-0.25307450850439783,0.41466008678919947,-0.4121904639673589,18.0,0.2956149960374172,5.708834733977834,209194.0
1.5643583963370904,1.4017440411555346,-0.17156023788406277,19.0,0.23372408235671413,6.528704199455682,258403.0
0.17967075813980776,-0.1258137270144527,0.745396451941717,23.0,0.3545755408413164,6.7377142429167005,306933.0
-0.26980057898659127,-0.06859058199747414,-0.536282036777364,38.0,0.01703153047322048,6.056446569784597,37624.0
-1.4645509016719447,0.25157731159044333,-0.0847253266805743,43.0,0.4455307108143308,3.7846902545503442,395954.0
0.7380665296076111,-0.772880333668018,0.055848188153693176,34.0,0.04013342557477195,4.276534014157857,37758.0
-0.3147401812390091,-2.6044245932492753,0.23427226999343523,29.0,0.14579732907894588,5.851255763303006,-20156.0
-0.9535218556905368,1.5372003569034998,-0.18455970826859772,29.0,0.25638747278872503,2.5660806311215425,281910.0
0.08121982443658579,0.12331091606914443,-0.9155972488869181,45.0,0.15443890067743815,1.87682628396532,108612.0
0.4267745226564969,1.4926609920916316,1.0273169754205573,30.0,0.24467375136375072,8.03885342447229,354182.0
-1.376839225220189,-1.602212776545904,-0.5444607668567452,25.0,0.09515696229724527,7.5436927239312634,-11856.0
0.5154931251581353,0.5814868751965777,-1.1278155379430217,29.0,0.39001663282639265,7.137782841623104,292551.0
0.756758762114482,0.5247519042560936,-1.2375011306180808,30.0,0.3506728699460383,6.614638282405709,268550.0
0.9554773894195752,1.2151360757088903,-0.6535142050599918,12.0,0.20875941349661853,7.1261450786882765,168703.0
-1.400509317513377,-1.2758691339772805,0.20580076683225398,8.0,0.5467501091246977,4.639415163290065,279834.0
1.0336110432105867,0.13423437280717918,0.17850532395385096,12.0,0.3011236096348619,6.389913986975943,179841.0
-1.2960369555020055,1.8669879583672873,-0.5456858157713197,17.0,0.3458170888230013,4.991681583030487,317012.0
1.3907973340775013,0.963108852921488,-0.4256940837407465,38.0,0.13737066756508917,6.703544188470937,165564.0
-0.1782934808056665,-0.7148387609073679,-0.4640279519077983,29.0,0.35321159347601944,5.29085028927651,289606.0
0.7050332300975785,1.6341785511820743,0.05224762390857538,16.0,0.18537531861981243,5.308676157354144,221315.0
-0.49375614097533416,2.43113622993305,0.2733009687357209,13.0,0.048632114390653236,7.577918564413071,164670.0
-1.736652027643855,-1.010562513631493,-0.5405219485147829,37.0,0.1740307334912193,6.191347814122372,113928.0
0.12662443665338322,0.2545433004407395,0.01612913467268912,19.0,0.23395445716388233,4.835046908348521,207178.0
0.43820394676142166,0.3268534596690128,-1.1454576791217725,34.0,0.24802321946964367,6.029295647941812,187164.0
0.06223803567570663,-0.2962207941443506,-0.9468457131051136,34.0,0.10995210573127412,6.258742090221267,90858.0
1.1767050643052166,-0.032728578366877675,1.3718089000111922,29.0,0.15745909480002546,5.771730920129289,222513.0
-0.6058136961384673,-0.2813589899281876,0.8622901604685124,16.0,0.1715566604069701,2.950192786507418,135794.0
-0.660602871813418,-0.975976141361635,0.3241575053119839,18.0,0.22321808272705934,4.765551559487562,133216.0
-0.9739696743551503,1.2698727320572054,-0.27854601047360994,41.0,0.22262328761407527,3.4139645530904583,286108.0
-1.079578282009136,1.049582319348113,-1.1059130739656338,31.0,0.06345875707396337,5.302271489370597,46953.0
-0.2662996601250671,-1.0315195044845153,-0.7686165162555909,24.0,0.24853890154079483,10.324887474585905,132126.0
-1.7946589916592712,-0.852366905332423,-2.109064794574127,24.0,0.20483427262038656,6.389926744951779,-33357.0
0.044649568987197845,-0.3837459755225209,1.2858050300070516,21.0,0.26144820867685353,3.8859370771683883,254611.0
-1.273957943631211,0.7484742453133456,-1.306793279620932,38.0,0.39463193094031457,6.364314920442586,349788.0
-0.816662986808817,-1.4578814990931883,0.6424538379215263,17.0,0.1418440923178264,5.197606164865968,62076.0
2.4420776393670427,-0.9624770584176144,-0.8448730412260964,36.0,0.32563246019707875,2.0153980340967492,209098.0
-0.7905321520933751,1.9526696711512972,-0.22951136410643036,20.0,0.307265202977095,8.313084768683558,283636.0
2.1611209614644236,0.7509481296249356,0.8630390542836363,19.0,0.28435764911897293,6.555161745919971,273143.0
-1.3711388934158117,-1.9783351589048375,-0.10519002852245195,21.0,0.16930767928385804,4.715532021737984,1744.0
0.9712222935888958,0.6511746533414075,0.050582830975902486,7.0,0.20618222869571218,4.970405772353755,144473.0
1.1593849704678354,-0.4643443668948884,0.4333950517544317,20.0,0.267398797933379,7.952879787325176,193396.0
-1.1690569880200885,-0.312109059412084,1.1756255750232003,38.0,0.2792594668713674,5.841659525740088,272865.0
-0.04206206077482622,0.8626248198533499,1.1694813131018498,14.0,0.38462225290922314,6.149550027215335,341381.0
1.4217553550539643,1.4919275882614496,0.27891664032750346,32.0,0.32954237992961666,3.4859310132785915,397408.0
-0.5773455379433639,-1.97637928735807,-1.1728825887646448,13.0,0.04126629381510957,9.023357350854564,-174949.0
0.2559563280048931,-1.4565015002144155,-1.3006257941570971,11.0,0.2918412951408468,4.624041397153723,39241.0
-0.6653567357418164,0.7529239379923395,0.21822616041177545,23.0,0.0856463588448291,6.437223885252672,102587.0
-0.10563408904232899,1.8783602768141527,1.0652110205755678,21.0,0.23120233085714106,4.825023948038196,305887.0
0.4001114647077237,-0.6797077199582844,2.216668205312161,23.0,0.17927934711286309,5.887201954814366,213449.0
-0.067158192956122,0.598397601790174,-0.11258014084049132,29.0,0.1988217225085672,4.269650516168372,206017.0
-1.4817234242698416,0.04893566140706585,1.2445956793084134,13.0,0.364220989210424,6.015786462981347,283408.0
0.11652986540460876,0.12665901295326676,0.7235746003131427,30.0,0.20792276401028342,5.58126596326404,181268.0
0.371305013204936,1.2160948681871064,0.36968268757856587,5.0,0.3919949377520154,6.069712305957604,242686.0
0.22357539263533688,0.6460199113523396,0.32622175061583175,34.0,0.28995773300853744,4.245881381059398,307445.0
-0.4793029484800785,-0.16150806061085698,-0.4668443606109035,15.0,0.24719881430292526,7.100759201372672,137462.0
-0.852212288391529,-0.1324165997754377,0.5781528532126332,28.0,0.3222187654049196,6.42015624282234,271899.0
-0.25733028949943665,-0.7708562350180835,-0.7016110478412156,19.0,0.15961950111258036,9.78499818234518,22712.0
-0.4153156229722607,-0.3301269289449604,-0.24408881009674652,29.0,0.1655754949652009,4.674409566506191,123882.0
-1.9032775098586945,0.9114014172073134,0.7525768610216435,33.0,0.12982098439888795,2.133298801251152,205994.0
-0.311276644717736,-0.36220774024416946,0.8907878956633071,36.0,0.3646115494615136,5.260584216458189,346507.0
1.0777775270948073,0.7737073793017218,0.5216423211116111,13.0,0.2697928988181174,3.7742227896464935,224453.0
0.9261597756034856,0.44938701173788287,-1.3112414465651916,38.0,0.23301728993056023,4.622056308198158,227360.0
-0.533608651199913,0.06062998491586432,0.4737976161297711,28.0,0.2415051484946585,6.065981769385596,227657.0
1.3440171919117319,1.7885661469440355,1.1365841211987102,21.0,0.2179079969618158,6.74085679278429,295686.0
-0.6174030642716525,0.9139691428033796,-1.4792134199957447,30.0,0.345300947048954,4.3584414941980425,269928.0
0.928933773309182,1.4835488460239665,0.7654036416980569,32.0,0.30599079885204494,8.032667194227702,381325.0
-0.2033093845090357,-0.4010826453475487,0.6016056092665539,27.0,0.14568567892851902,5.701571420963624,140132.0
-0.04287564692121204,0.7246808985730081,-0.19375021434010106,47.0,0.33186001555513567,4.782698806214383,352017.0
0.6245819884432207,-0.5884775941221242,-1.3711918413558286,22.0,0.3791911042400146,7.363528759305645,161129.0
-1.1906128734550445,-0.4891510677344117,-1.5275501109026388,33.0,0.41052928461496885,4.219970102536501,215663.0
-0.28356339725103225,1.3619842019920112,2.833316394663867,46.0,0.21812576753967125,6.621393398850119,425903.0
-1.451495239390454,0.6573475962490085,0.2958305421168628,29.0,0.34699779355584787,6.291749496810069,356245.0
-0.3277887209819806,-0.5060327983239088,0.5777876680169353,25.0,0.16324700923178942,8.720999250728156,168347.0
-0.2069284808566995,1.364203430303477,0.07355943561446078,13.0,0.27026229303763394,6.44852522058234,248435.0
1.209973108045586,1.2541376559619926,-0.559887579649982,8.0,0.05300093306157716,2.2734701894311113,-10041.0
-0.44236553869335465,-0.2659926205930689,0.2969973622839397,29.0,0.42169802412624025,2.8537618272900054,351520.0
0.1315987726959055,-0.9845575453597154,-1.0679365892040895,21.0,0.2509001918834147,6.553767610731826,115649.0
-0.31354774945820396,-1.0082231444438734,-0.4443158951648644,25.0,0.5297321029609183,7.813306036247302,341570.0
-0.5125570060893823,-0.9131261445945914,2.0097088482525494,22.0,0.36527745336146983,7.625810745604149,325635.0
0.4242618511553557,1.8045134606851847,0.5667554299402411,30.0,0.10759320504327266,6.8295666530825025,246418.0
0.40640266431851363,-1.305782842494559,-0.7640591048823767,29.0,0.07840452377100732,6.983177306169212,-122003.0
-0.16640895229183192,-1.8499758243411493,0.01848534876919722,25.0,0.03169758659690039,7.358747637217154,-71514.0
-0.6314915652012069,0.6695004708332467,1.1615482519568507,31.0,0.3703338415597895,4.452308000109619,373922.0
0.021961163522526646,-0.06054647429222673,0.43140050093654925,37.0,0.13551619394516862,4.773949255330053,154065.0
-0.5313243118541149,-0.8272506180409109,-0.36988371476404247,29.0,0.19867830984731483,5.088004103952031,141261.0
-0.9046840519540144,-0.12359723647769813,-2.103471426719078,41.0,0.22389200656014313,4.8115545875475,114317.0
1.0620664729374645,0.6671953708916931,-0.014076831992762407,25.0,0.3763467756513653,3.9428582645657295,335442.0
0.11757044023197906,-1.107986358267466,-0.3207682605220005,20.0,0.47346324874594603,8.94024284786629,282274.0
-1.0097485540604352,-0.9863986321602037,-0.823507657430743,14.0,0.223991327387758,5.9648283836996345,59150.0
0.5686490034962455,-3.3531688608206975,-0.5746340591129095,29.0,0.34784024419565723,5.65256300554877,65363.0
1.6456966290421737,-1.0577032536027335,-0.9303030699314018,33.0,0.4743672137150086,7.840720212311452,263905.0
-0.3926165890912616,-0.6637348375827242,-1.144541661618029,24.0,0.22530549270562944,7.9023141868710605,131111.0
-0.05676268286229262,0.26119773832307086,0.6403329319203076,36.0,0.05014763621126814,6.991397641956885,144256.0
0.16085827058801158,-0.10384754044163376,0.41209002305805614,25.0,0.019172271746912856,4.35487834869683,76584.0
-1.2336482796629071,1.7298335356075207,0.2803027608108374,14.0,0.02309618802421609,7.0253836574723145,68537.0
0.2626796676907701,0.9572851500107578,-1.8756866157230805,28.0,0.3907404913194401,6.247593767256149,270259.0
-0.8688724661873097,1.2642340657141264,-2.0411243704649396,12.0,0.4178716441876022,6.613067406666675,224580.0
0.6726024266169083,1.1521427251657004,-0.561676938779007,26.0,0.0756400040183782,4.174417133913243,86604.0
1.584242176121602,1.9608297092258204,1.0618477877089683,25.0,0.2392174674581855,7.415681662178101,298631.0
-0.17032098150714367,-0.4773578059770275,-1.3996604157010402,19.0,0.391143279624361,4.566371871971549,194860.0
0.0670732248572543,0.24900263988630011,-0.8491790094734142,15.0,0.10400497504715003,5.555882094535334,30640.0
-0.4721738366493138,0.7532328691360752,0.07252307881774372,33.0,0.2538133395618581,5.3213615476189124,228708.0
-0.5639102421515261,-1.063174240463458,-0.08292489831048247,36.0,0.32191200526457453,3.667307369517125,228235.0
0.36691403397975797,0.807336680066357,-0.14099882273538908,31.0,0.10450200822117026,4.7402621113356815,166067.0
0.1736523839925439,0.07484080294542286,0.17401240814159083,34.0,0.2752636909820386,5.261127866562154,267118.0
1.4453474708019822,0.7756872293636029,0.4992095411860246,19.0,0.27951707635112694,5.431166646564491,278272.0
-0.6945125799594478,0.6140188859304194,0.1538068797904412,30.0,0.15688819236134666,8.702929932152271,196193.0
-0.17351528183066686,1.7175706546215708,-0.29864650284197397,34.0,0.25982515712838766,8.51434958590326,294687.0
0.5601300754262399,-0.4883963770739356,0.8405099904936383,22.0,0.1641240440100663,7.955527380075442,130297.0
-0.2572006872918654,1.4750409503298259,1.546435896227182,19.0,0.5305088904087916,4.791328835067089,560911.0
0.060550381763273035,-2.030339041310658,-1.220826950716872,54.0,0.1639761768131217,7.609011502137415,81610.0
-1.2852413010254353,-0.9892458018239448,-1.3326294179295353,26.0,0.15953761578426834,8.335005072286048,25943.0
0.9731391308647922,-0.6156960454095031,1.288403091595801,14.0,0.32528028352306027,4.9293814605122,218231.0
1.239476289892029,1.2238393106608982,0.4024542965996382,17.0,0.19329484772573235,6.036213699802715,231185.0
0.2462216879572799,-0.36816679668670155,-1.7734065067474158,15.0,0.5273167070369092,6.901596655477327,253072.0
-0.13502631649208677,1.0827747424659773,1.2845732675626151,37.0,0.24431288628372566,5.828897257962758,324536.0
-0.6059792165203516,0.6278857725488063,-1.7726112843741832,44.0,0.2855037042097142,8.314267435257085,214021.0
-0.6248187376760888,0.1332778916365494,0.3364675478776721,46.0,0.3505331271605141,5.613617348577826,335472.0
-0.4612352943771971,-1.7857811871615419,-0.8449755390275647,21.0,0.4680315607684255,8.336387733851504,226512.0
-0.8204607271058092,-0.34272279958519924,-2.308478571969979,14.0,0.36423596329768215,5.7728707259243315,115661.0
0.5835606173606398,-0.6991304753382372,1.5011360233824724,6.0,0.21632201364254722,4.137004366682406,200152.0
1.6278647039672052,0.11261911026530086,-1.772251156529732,21.0,0.2706130205518503,6.433300822360911,138586.0
-0.8421441100522249,-0.7932371177949735,0.6257226822615419,24.0,0.1949517455294318,4.150615149022552,168796.0
0.5311506549614358,0.32362259869612375,0.13610067454736466,10.0,0.320353657466247,6.957965330396799,199702.0
-0.9225187279196155,-0.2109517736924794,-0.9298794413838788,16.0,0.2052615632823487,5.006435487852942,81801.0
-2.000313634130204,-0.4244981319991236,0.7124683199457756,35.0,0.26673715856833435,3.807954141235638,234550.0
-1.4050053682388273,-0.491290603297555,-1.5316813765506991,34.0,0.16837692828604228,2.465819092423356,66194.0
0.06790466963630032,0.14185010387396266,-0.13004178386574786,36.0,0.3446607185103944,7.192251215183178,310210.0
-0.9608415250845906,0.9363532570919306,-1.5067033156270044,24.0,0.4031107709352545,4.948036399598538,306665.0
-0.26049312312985756,-1.0842333716812138,-0.6919027776137934,26.0,0.42468982120564014,9.448924926978265,220087.0
0.29543908233082317,-0.7176105470388771,4.009922330292518,25.0,0.002972433514514372,7.154752851439837,171277.0
-1.5274512223773837,-0.9244202050952923,-0.11842225575633002,30.0,0.17962104640999216,8.794305649482407,123729.0
1.3842576812952392,1.8903653579916815,0.8145760496923805,26.0,0.2009815024598199,5.134419323325855,270572.0
0.491116085076611,0.7063896934711547,-1.00193085246266,22.0,0.2561024319536206,5.324191327671225,206417.0
0.13282872222196024,-0.753354793483775,-0.021512748174131496,21.0,0.07365453603823297,3.503644411887813,56424.0
-1.2526451021710618,1.3256634935378429,-0.39486676357314593,35.0,0.052642521645720086,3.8684940914067756,152053.0
1.874096829516035,-0.018915391549704164,1.3227073437114665,30.0,0.10130775468698225,5.68881156009886,169374.0
-1.7843824404303466,1.5162030853268773,0.5308100806514265,23.0,0.34702250252450156,8.053093194693961,352078.0
0.2423863519084316,0.006222209198045211,2.0268870607065357,25.0,0.21327665876791896,5.523468847606771,259222.0
-0.11621333485189389,1.9393437032290828,-1.0526978634216602,19.0,0.23750704185038163,8.459472869069149,238180.0
0.7679129170727566,0.1196611014468816,-0.7783533743090983,34.0,0.2084511164944854,5.076337427586031,168795.0
-0.5497391543006053,0.5627897383892989,-1.420706598902262,14.0,0.3440808337817675,5.651103304792877,197274.0
0.8628673752843495,-0.06808669508045041,0.17394979600900143,22.0,0.4384315656129266,3.5317532326298102,335923.0
0.26699434337035544,-0.600960103591184,0.1909712947885488,40.0,0.12173747109542002,5.072508492963905,146470.0
0.3470829776335866,-0.9150502980659965,-1.080456585905306,19.0,0.05404069005410422,8.311487740546756,-87034.0
0.6808752550025414,-0.07919057608594247,-0.18009744115812684,26.0,0.33301779252948305,5.467362400673392,228128.0
-0.07971125377075035,0.29045039607067746,-0.6923926603569767,26.0,0.297091375768048,7.244679827215282,223865.0
-1.3806226752023256,-1.1993637876350407,0.32738474673831186,25.0,0.2954389920933148,3.8617984950958086,189926.0
1.7869722153716885,0.5031593477999377,-0.6462680298817377,16.0,0.02940581368414749,7.433770127612976,-16486.0
0.890727539196027,0.8900339661368684,0.01672804528450516,14.0,0.35457804563995143,6.2931344269166045,286009.0
0.9058380154295471,-1.5549410705146784,-0.2562836632351427,35.0,0.22153383167838697,5.218686856728229,110817.0
2.569005970199215,-0.3842492993346332,-0.6496746375294848,19.0,0.18307930417800994,4.809167390632812,109567.0
-1.7100978192610055,-0.850504847180633,1.3311906640244684,12.0,0.15560137692540352,7.512385112904171,111957.0
0.8802882024995957,-0.6307884118477894,1.0290988997285975,26.0,0.2306349524802443,3.8347301438376458,201707.0
0.22247447747267157,1.8684227963622326,-1.9305649932971334,22.0,0.09398194148583133,7.126700386331713,115174.0
-3.4321233867389265,-0.9115936285868873,0.5882590643210219,23.0,0.31192825836278854,6.3828823609133165,181888.0
-0.9461797804852052,1.5061909715959498,0.0019190686587109923,1.0,0.24907024167804587,8.667429475998096,194102.0
0.7527762289668808,1.6195157779642386,1.615234031668646,4.0,0.1376803498194908,4.584259079353448,189359.0
-0.730012616535083,0.7157062700266074,0.5509542867363716,34.0,0.2537336522915944,6.084598173124886,291176.0
0.16707307264393373,0.09204525358685743,1.03196255225693,9.0,0.290744964448732,5.305249819721616,247488.0
0.01177567167562054,-1.32021407230387,0.22431143309000104,33.0,0.3317733747321714,2.8500541863892197,208663.0
2.2616974059280825,0.7585244088923486,0.15416693339111218,10.0,0.27183368651260964,5.18434011607452,189298.0
-0.2972523851189589,0.5330625312801309,1.1611552099866147,30.0,0.10754334568206,4.410123763708522,192559.0
-1.319794659104024,0.9021676020126986,-1.7093548063736292,20.0,0.02014231371274311,6.274334202500833,-1487.0
-0.6187758275188319,-2.0710026408737803,0.10050744131811569,17.0,0.3696138962449526,5.739720180949835,172111.0
0.1462686806208784,0.8065423281250672,-0.7182956887713072,19.0,0.17746722674364515,6.371658189298918,122503.0
-1.2729248293789608,1.3163289153401905,0.24664662125040057,27.0,0.010212170791294523,6.368345390595496,85536.0
-0.0008393562799553438,-0.9621806816303713,-0.7824234017116395,27.0,0.23006851278317975,6.176277875081428,154913.0
0.8726011238378546,1.3275351476907407,-0.2824632063552845,13.0,0.10551105534770105,4.144149340264181,46944.0
0.08081274291314601,-1.107663850556932,0.6607398974059153,33.0,0.2387771720617169,8.214554346348313,174198.0
-0.9551805983339586,0.2794835860936589,2.0527418179746473,25.0,0.21186847641395545,6.100849221788193,282332.0
0.9738388960604364,1.484038340332815,1.0063335430524447,23.0,0.3553472569031568,4.552122224551724,401757.0
1.1787898045837881,1.5778063351250413,0.17019313149314017,30.0,0.14781104123566524,5.166407592858515,211520.0
1.5488769895631604,1.9781914853392977,1.3174260008979908,18.0,0.05331002074426361,5.420885907520443,181474.0
0.5537757050063421,-0.44799482556041736,0.9913004079473673,20.0,0.1408646005681433,6.56385954800195,138117.0
-2.165608884309066,0.5737965719468203,0.9573753420935954,24.0,0.27897593551990846,4.313246888661009,306127.0
0.9210462662215294,0.8666213184756681,-0.79288599703738,5.0,0.019398342454358702,4.9979281898242265,-17982.0
-0.31674606557704993,-0.9261352962463665,0.847002006401591,26.0,0.39871994516884784,6.513768584848343,308587.0
0.213745338597841,-0.7553784382304987,0.8192768391568963,8.0,0.3610588861789962,6.370253920554165,201745.0
1.2684075846334615,-2.5996542973208205,0.6442830831606298,13.0,0.3731740193935502,3.21308314048501,116154.0
-0.13101248591566247,-2.0352289257211638,-1.1172464826938855,25.0,0.5456679978664001,1.4538772127062503,255291.0
-0.1536157987166513,1.2828404780879288,0.3369433229229879,31.0,0.20784075440928884,3.5248802021944665,224656.0
-0.9365029956844662,-0.08387029715348028,-0.2007957732439733,24.0,0.31707634539928575,4.905918588816413,220601.0
-1.0443285900861285,-1.1383266705887716,2.009640767352082,29.0,0.2205743735870426,5.371362875175906,201272.0
1.0989025239252541,2.6829272977939427,-0.39856288291425707,4.0,0.13647593805795585,4.639984240797657,171848.0
-0.28741256411141675,0.363380997918205,-1.7937907025742816,18.0,0.362164723768893,6.3390525933083675,213026.0
1.4844334085239683,1.6588593024788982,1.7538067607789039,40.0,0.17175643888395464,6.4344259075611125,308715.0
1.1095691266761794,-1.2342394291748526,1.3481711934801928,26.0,0.1756920552074,4.6094856239038045,100477.0
1.2154313045641298,0.3926626510356693,0.6319551449589722,30.0,0.4027756741626034,5.862033247451401,376396.0
-0.10443136934089317,0.09650545177888648,1.1452964381451647,18.0,0.25099254744379823,3.331488473930503,219547.0
1.4733132432462444,-0.31254487553633803,0.4088926598122096,37.0,0.049697627353864765,8.521329855769002,76689.0
0.4566035448573022,0.555572847817161,1.0912072163343987,34.0,0.03533241237957044,7.7309578202526135,126041.0
-0.3769592151857791,1.128363795605331,-1.2628982367857107,31.0,0.1517152440308185,4.024357329400399,162186.0
1.0907326734216614,1.6537911164261336,-0.26735571962491844,20.0,0.01387676477477695,3.8720114973080553,87751.0
-0.030206385256982538,0.3258772918484222,0.38352586067096367,19.0,0.1595973542879323,3.2867343967449836,156996.0
-0.25621089928658314,0.9190562353973679,1.18320185659404,13.0,0.17309253308741543,1.7234204846624417,238934.0
-1.0893299858801109,0.36040472136591906,-1.713716155956408,43.0,0.3048247519383767,3.534672916550199,207413.0
-0.5178039277286407,0.12010326426331071,-1.5656440753836605,31.0,0.025065509225839055,4.663274530886936,-30092.0
1.5241290633045632,-1.6593007190392264,0.31864882690930796,26.0,0.23033246537448915,7.990742632395145,102549.0
-2.2465067470322553,1.5507164903857014,-1.2458230954391514,29.0,0.2970016497134593,5.686424553892991,259881.0
-0.4467888610782065,-0.9572518305829837,-0.4518197193304516,48.0,0.1190784193601738,4.609381519740067,106372.0
1.8887894230600288,-1.1826402185755007,-0.9114977240587698,32.0,0.17229652056119088,5.9603415171930845,52721.0
0.6867770243449132,0.16198557268102992,0.6449359751812221,16.0,0.28434331455554707,4.88935581593994,240646.0
0.47194319855498,1.072777172642583,-0.8023210564332358,23.0,0.20556099535564026,8.50440292001121,157847.0
-1.0979287388303223,0.1483252000435048,0.33674350597408315,16.0,0.37734275061184597,4.339173266523087,279003.0
-0.17936512807157262,-1.8701439303799166,-0.5927563666811421,37.0,0.2373318148914206,3.5121370255834887,118822.0
0.7060858847645871,-0.102409579158908,-0.07769769181196304,44.0,0.36636793364505305,5.943333600976103,321249.0
0.5526806119927141,0.1258262979565494,0.005881488990866363,22.0,0.3571610459107659,5.334246883516923,282369.0
-0.7941275437626714,0.16989619137747716,0.2591001180573566,32.0,0.2826944583613643,7.035358529788553,279857.0
-0.6475668466150256,0.908027360868811,0.626135446945724,22.0,0.3761345618163484,4.504102127232686,356914.0
0.33733534021955136,-0.09485721931405128,-0.4813626203278596,20.0,0.13680544839393555,5.959645776138569,45408.0
0.00616127808981993,0.43416365522870026,-1.3169777329802088,25.0,0.1117140826387571,7.559347935678662,84396.0
-0.868634153730952,-0.1587654323725711,1.1414679499865852,24.0,0.4129379873036274,6.413416804795922,377156.0
-1.5808809597492264,0.7822264781760022,-0.2547752463120402,37.0,0.3671677223745688,4.921375132519487,327477.0
-1.3855051240285474,1.5393464092054696,0.9229821385459962,23.0,0.3366991588030519,3.7873762680175336,366031.0
1.2488047437352527,-0.3092092319062305,-0.3550588485779416,38.0,0.3192459232770055,2.0361953088849494,264092.0
-1.5911111585730817,0.3926337562637699,0.5736589596283782,23.0,0.08283374641633764,2.819957713149185,105162.0
0.836923898491982,-1.600102707827211,0.13119778102927,21.0,0.37082089965052545,5.8615193817644595,236763.0
2.0484498095558155,0.03795870206787101,0.07739379666271871,28.0,0.3381035650213393,4.262713106253734,256962.0
1.4068502813642845,0.08387452697349299,0.36312115536570516,26.0,0.36118616229514366,4.640565415594333,284543.0
-1.8687545774533254,-1.2256862033193396,1.1081828995789884,36.0,0.2555055314982763,7.633014937973295,184805.0
0.051392412733486194,-0.6541929062988818,0.9772354300469491,25.0,0.03853972760288127,6.144397992626851,72161.0
-0.7314661480987633,-0.08124136176512872,-1.6991281627931156,31.0,0.31351623941684537,7.285890811426996,188109.0
-0.2727391683261488,0.674970528290514,0.14548619056634948,17.0,0.11660614821619214,3.515968282232187,129802.0
-1.2131031654836182,1.6608634210343745,0.15859557786461032,32.0,0.11658434829964401,8.383232555257326,217719.0
-1.164660548625191,0.6901046887059309,-1.397493911407103,21.0,0.31482750758448025,6.620246167080616,227130.0
0.29010811861170166,0.5796607264370677,-1.9973250623566994,17.0,0.19245830858135532,3.70842604243525,95282.0
1.4239260187910814,-0.16798893711011903,0.4452965691149277,37.0,0.31757255969839715,3.897353757839671,289640.0
0.09680978794945586,-0.9143454609897796,-1.876150949093923,13.0,0.5222957021711199,8.135811786374106,212977.0
-1.0513608680843878,-0.6517195763141764,-0.9800435339303476,30.0,0.2885162997266063,2.877688650197364,158679.0
0.4752496487804384,-0.4227599581302022,0.4040186941111645,7.0,0.3207037502881473,6.523594133862866,191545.0
-1.3080589173122212,0.283885648126041,-1.9011451797719001,20.0,0.3385221563448952,8.95312904343952,161523.0
-0.09694543718694358,2.2243071383467807,0.16086270877796585,23.0,0.15236562831208061,4.658048221932454,271290.0
-0.6963783388720419,0.6226797888868474,0.9353681076624432,21.0,0.12265218722490384,5.643320732074402,164647.0
-1.239888854561295,-1.3888686937126589,-1.2075039359168445,21.0,0.3471984893485798,4.916547466931529,158818.0
1.9000310558483997,-1.3226020598468777,-1.7579627180492596,32.0,0.047188556599102566,5.337909392198202,-35995.0
1.1858020539535958,0.4197156464919983,1.1851674488180692,21.0,0.46578002020774256,7.3247243135776365,426933.0
0.01400822245342418,0.44484146140825387,-0.7794597531225794,11.0,0.275956141717719,5.128483604120224,136942.0
0.26808916588683895,0.02834321658217274,1.15923413552527,14.0,0.1765903212344223,5.551693687432624,170488.0
0.5491383286246434,-1.193039141433214,-0.9188208280914125,17.0,0.13266088030818762,5.634653510841884,-88765.0
-1.0268326697668424,0.5970461044779048,-0.565872682028436,32.0,0.35965045173101134,5.056742266815119,297714.0
0.2354312193167118,-0.06211940542211963,1.1682803112420748,22.0,0.18077554789656053,6.7873218566582,162948.0
-2.525845620741536,0.9158406295516619,-0.09148414508398749,26.0,0.020864796361951515,4.33632374839358,87418.0
-0.3381157214404842,1.0199688109051774,-1.5342875196443422,19.0,0.24483338066000088,7.624033189263858,184315.0
-0.5426401409768575,-1.3418416770488963,-0.052508697726193876,16.0,0.1528220090567891,5.31922019092426,35292.0
1.1591769477447718,0.3416355761020761,-2.0503541273569206,2.0,0.10932615569133214,4.642409165637732,-53167.0
1.9072526635258693,1.1441171667564842,-0.312118910340619,31.0,0.4011558940119683,4.746183632509615,392677.0
-0.9674181106841029,2.8078905631017976,1.2808223695776129,11.0,0.17953411002959274,4.236910629556659,325816.0
-0.2885307932718371,0.9936288595648983,-0.7470716877353065,22.0,0.19167803368984335,3.8522706419591652,178178.0
1.1864790811866053,-0.017490203500585874,-1.7684840818016216,25.0,0.13138367505748877,3.381386485269067,17742.0
1.087998114963154,1.8768953892710647,1.9821578090792356,20.0,0.3630978908964043,8.359038504832192,452751.0
0.057089648424492344,1.0062379435528215,-0.8268130116389649,24.0,0.4304786314833433,5.26306853785009,307128.0
-0.719695570978169,-0.3070199942880774,-1.1248298040713116,17.0,0.2503350040005501,7.82022452873672,111875.0
0.2280531349407046,0.5714469072486045,-0.8423521005187241,40.0,0.09150160859456546,4.12436788246035,76885.0
0.060925246085851086,-1.037887419501418,-0.07616806667902722,12.0,0.16826539741819735,5.538397723534941,61448.0
-0.49362196116799056,1.9148887828702832,0.1484727180329577,34.0,0.2922021050249749,6.357047716517613,377248.0
0.8395208331153544,-0.2693567915969357,-1.825887447455636,34.0,0.25327535493562225,6.774727861985152,112316.0
-0.26276784703517614,1.687617491391524,0.03239442630618314,19.0,0.26629574280832774,6.048179246601268,274203.0
0.3927236063103284,-2.093864694686816,0.2219023340375155,34.0,0.19121934401078539,4.730492034941062,103176.0
0.09562144471650898,1.8535787076748125,-1.456167010650863,15.0,0.04677060581193468,9.640809929133356,50227.0
-0.9097182382629763,-0.8691175896563587,0.48607766575405,23.0,0.4540624303048859,4.16562466414361,337779.0
1.3547525080713767,0.4402092868655154,-0.2958464384159145,11.0,0.010504608436293278,5.50350515945415,-7492.0
-0.36709088225359704,0.7156549051355353,0.5200592276164483,16.0,0.23410528864728058,5.587627356170818,227827.0
0.9606082925056935,-0.1021668967496288,-0.026224903304566144,34.0,0.166602199129035,7.165126926387378,148472.0
1.1590589649293574,0.46347881416632547,-0.10458765702415324,14.0,0.2785157194871066,6.29034135586798,178246.0
-1.2912819916519411,-0.2499006046156046,2.257176536028484,41.0,0.3001013968319187,8.126017833687301,380198.0
-1.137600314524559,-0.18801466308242062,0.19717442169732663,36.0,0.3333231472190198,1.7455487931828069,259831.0
-0.2660584201302597,-1.6863238298143322,-1.4254123076596812,13.0,0.052044719663229766,6.486571185174463,-242493.0
-0.19247683714404365,0.04534774209593972,0.9780543039319874,21.0,0.24214111774654937,5.132233580156304,249367.0
0.9701231859207918,0.42280854312586513,1.3306968099944443,31.0,0.13911419067171937,5.843868179046798,218944.0
0.5262621105264025,0.9822974580469005,0.6563304882600769,32.0,0.3629768146922562,6.8524052251759215,394269.0
0.30504164573996156,0.5046917032698851,-2.4293982594900747,38.0,0.09588507092347368,6.475960583764739,78837.0
-0.3524810918866985,-0.005609160658510033,0.9057493967104248,53.0,0.24192228328998427,6.640195621133591,309828.0
0.9642345587027614,-2.084127864598775,-0.02494523790938378,18.0,0.40095182976223737,4.098573302766365,176508.0
1.6254093129463538,-0.19390160894202854,-0.8519862796280796,25.0,0.10540563075878207,4.619850038855303,55269.0
-0.947278286424901,-1.6958765032466228,0.14417574556435064,21.0,0.3290712654901414,7.756133833544789,164918.0
-0.143500168892162,-0.01047586803520976,-1.5472905958289593,21.0,0.1445808788630885,5.065722006588526,45324.0
0.9000474007942387,-0.08020803579188242,0.11915624010037379,23.0,0.15055847659187832,5.284617540359552,121368.0
1.6816474466334688,0.6462270773097822,-1.7786215886806112,17.0,0.26923194847828774,5.232558878513214,117820.0
1.126156493034198,1.1922331556463135,1.6142346284148303,20.0,0.1881424276087888,7.551683357781048,246027.0
-0.497358879110503,0.5762595478725197,-0.25900056162056834,22.0,0.2521969910627621,6.059639344916081,214064.0
0.6880333517160435,0.45473842001320147,0.3107526980878635,29.0,0.05532212178978563,6.380321956018278,33782.0
1.1087335253055213,-1.103110662490657,-1.0532701309271986,17.0,0.28388232853199,7.918421428712949,73037.0
-0.39098428246974326,0.7781598360593194,0.42341840229046346,31.0,0.18858164308883374,5.06038716801072,246167.0
0.4108454092682792,0.3436866479232692,-0.16407521917171927,25.0,0.1469703076123545,4.577928583650177,107838.0
-0.6603017766887644,-0.3765476333628691,0.7838523851140603,29.0,0.1487381632585594,5.858212377348567,138173.0
-1.0144129465513776,-0.17213149116237036,-1.1344918817893692,42.0,0.3882169790832751,3.1511462685784184,293084.0
-0.8717835150189572,1.4715095050901883,3.1833171603494854,27.0,0.23838261415372447,6.459825570727968,420586.0
1.1085849730906856,0.771947993747017,-2.451882161464163,24.0,0.04966502585277016,8.685873136249176,-112938.0
-0.2227255244314324,-1.138372837939223,-0.3532697475607509,20.0,0.17986286019469894,6.88110549479627,39184.0
0.3821047432172191,-1.1098007573085351,0.44816889694096035,30.0,0.44900598154483096,7.432544592001527,307612.0
-0.3674129241814038,-0.6641552542717691,0.17226288900199463,39.0,0.18812149539423276,5.038682468573688,155128.0
0.6897097574394209,1.0913420128571942,1.9639349043519865,40.0,0.3434434713167356,7.097220665972799,447543.0
1.3286735699605194,-1.2939279001772244,0.5902476137308011,13.0,0.23529557221704347,2.695459381907947,134301.0
0.7092552451186243,-0.4375139921812942,-0.5476826350383928,16.0,0.29848816982583076,7.261908106437401,148750.0
-1.1699494049113672,0.584418622186576,0.8844751660108581,13.0,0.4642393591285599,5.2849744713987,383423.0
0.14999339430628966,0.5707277533465914,-0.23392356847862578,13.0,0.2870193925521402,6.905281785683993,224464.0
0.45234418547181526,-0.6920460236307627,0.5101629462124423,27.0,0.3839675945520408,7.069164736280428,311756.0
0.6119220604030859,-0.020654883025848454,-0.04427274932314024,27.0,0.29044475540013653,8.89419122763686,227327.0
0.509732496116582,0.7362197151648178,-0.06461831162868305,35.0,0.11015538669079089,5.512762608049007,159859.0
-0.7655013811458482,-0.43465797354298535,0.23408817382834005,23.0,0.43873977100843753,5.643386272334987,350885.0
-1.2039716258403232,-0.4248051423627865,-2.8766238927865944,13.0,0.28485227349462916,7.9482617577519505,39469.0
-0.09188364500193713,0.8073932829383426,-0.447827806050893,20.0,0.4839136870805948,5.484269404945266,391688.0
-0.13419345723493503,-2.1901792658613877,-0.1216636826843328,8.0,0.12290471554358434,6.241131567804746,-51044.0
0.13612330670686487,-0.8444417831217376,1.007963529618668,32.0,0.2758935469312013,7.542612023148345,241385.0
-0.3392478674871269,0.83502288850759,0.06432254379869455,35.0,0.3030444732576891,6.2203373169095535,298083.0
-1.1070557758947164,0.07981652469394278,1.2444343893847165,41.0,0.30191150361480895,8.776866840356199,333073.0
0.3805723822137934,-0.4804906896431461,-1.04717853961503,12.0,0.5932775045824956,6.103059724619807,335321.0
0.4815586011855245,1.546389880175038,0.18923580145792424,22.0,0.1256668709688058,4.500702604650411,204650.0
-0.43673492049728785,-1.2652275747065247,0.3972581263661505,35.0,0.08567480352614543,6.730675859380054,47684.0
1.7492744632458175,0.3328186902183386,-0.3194999651076002,26.0,0.2037967684108033,6.338975434875034,180914.0
0.5259359633735611,-2.319442150621748,1.476590812522654,17.0,0.10354603956468106,7.119655682929321,-16301.0
-0.5019462378096103,-0.0056216624549269185,-0.550048700069766,22.0,0.27238078822166,3.605399234827602,184697.0
0.6253850037109422,0.29873011194695165,-0.7957986634223914,24.0,0.2994001497924767,6.5071231298546595,209121.0
-1.2642114702330323,-1.2587291481094158,-2.4614434225806057,20.0,0.28679765456050405,7.349569469321338,2847.0
0.35739817476698127,-0.014756435304543233,1.843506209895644,34.0,0.29584177245024157,7.178035446719084,337215.0
0.884636339422687,0.9374915376284898,-0.3733649824324339,22.0,0.4393467700239324,8.477490831649536,316136.0
-0.3821469939205469,0.4618854251380969,-0.9093696911243996,21.0,0.5875848531041967,4.607284067694247,428001.0
-0.7565486956573982,-1.309892828336564,-1.3767101755524933,16.0,0.06167767767399507,6.651481991514795,-90010.0
-0.45817670813219163,1.1941331395565524,0.552983400188133,6.0,0.5183744081730983,4.494563941843424,429067.0
-0.6597512732254752,-0.6516860513235391,0.19001674747066866,28.0,0.06395290512008439,6.620077852806893,4754.0
-0.2491088797900082,-1.2840198218618903,1.4626765843064569,13.0,0.21663380878135696,6.165226866070709,141009.0
-0.779128272306607,1.1021239707976542,0.7883740986256108,51.0,0.49647913386762266,6.608969688605746,549244.0
-0.15616153576094194,0.7237102602803318,0.8783094016173711,30.0,0.26500686708126653,3.538559195749224,254042.0
-0.5833180273990929,-0.3654527127602042,-0.5606399059714245,32.0,0.1398558927647365,6.534745425883662,38388.0
-0.32503927383839026,-0.0776032071693637,0.022131223906961945,36.0,0.22072064727737314,5.185178007978701,239174.0
-1.0413048478372215,0.3417869366302194,-1.0193032200667644,27.0,0.17093399735387005,8.681366738899065,119934.0
1.074079632433225,-0.5509707861881273,2.59155569285607,41.0,0.21642610670288728,3.1983047711218755,299381.0
-0.13336545808182032,-0.2523108302980849,1.8016635270048955,28.0,0.1547855283078048,8.50511589094042,233288.0
-0.20278023332485776,-1.6172592051129417,-0.5070098207027954,38.0,0.1334442344743607,7.274504675560547,35142.0
0.08385993877700813,1.7107194070516243,0.8523328807257585,41.0,0.17316399142529965,3.51769217724798,287265.0
0.7853926670543981,0.06674807785732553,-0.6780130593060372,10.0,0.12095177212285019,8.301513084422812,27832.0
0.5022033549606904,1.282723587817097,-0.7384783940973727,21.0,0.24475193886556845,8.36834445405076,205170.0
1.4525451416557675,-0.4724307828044789,-1.124135182133376,21.0,0.0649415330817078,1.2429266667641095,-105914.0
1.5784801001967423,-0.05165380157437469,-0.2119542582795632,7.0,0.45365431549554647,6.089738861605343,268353.0
-0.9832449674540448,-1.0899288793487996,-1.557057771035969,16.0,0.0723959504727342,7.8939332424589335,-95012.0
1.605104239135238,0.6567397996473354,-0.49193892867971967,20.0,0.15008054058757456,6.342595783829103,132168.0
1.2864093182399872,1.9627167758480895,-0.7874757883865628,37.0,0.4356254171030131,8.417965270777117,373327.0
-0.19903843902377535,2.339370308326399,-0.30798136727406666,29.0,0.36850135733399836,5.685293113598263,406406.0
0.45375357993244314,-0.2193626816923971,0.6687233367702583,19.0,0.3651775748225718,4.9090024845337865,304909.0
-0.1107172792005568,0.14426141342322188,0.4325748408555912,24.0,0.5580923426523552,6.671383105603833,442755.0
